25302,clintongormley,1
25300,nik9000,2
25300,andy-elastic,2
25290,nik9000,2
25290,jasontedor,2
25290,davidkyle,2
25283,jasontedor,1
25283,elasticmachine,1
25274,javanna,2
25274,olcbean,1
25268,olcbean,1
25268,javanna,1
25268,jasontedor,1
25267,jdconrad,1
25264,abeyad,2
25257,tlrx,3
25251,s1monw,1
25249,ywelsch,1
25248,jimczi,1
25246,bleskes,1
25243,dadoonet,1
25243,jimczi,3
25237,rjernst,1
25237,talevy,2
25237,davidkyle,1
25236,yibinlin,1
25236,elasticmachine,1
25233,jdconrad,1
25232,lcawl,5
25232,debadair,1
25230,bleskes,1
25229,elasticmachine,1
25227,nik9000,2
25227,jimczi,1
25223,dakrone,1
25220,jbaiera,3
25219,tlrx,1
25219,cbuescher,5
25213,russcam,3
25213,clintongormley,1
25204,imotov,1
25204,nik9000,3
25201,jaymode,1
25198,polyfractal,1
25195,droberts195,2
25183,spalger,1
25183,nik9000,2
25180,debadair,1
25178,jasontedor,2
25176,jasontedor,1
25173,martijnvg,1
25172,jasontedor,1
25167,russcam,2
25166,jasontedor,1
25162,dakrone,1
25159,nik9000,1
25159,jasontedor,2
25159,andy-elastic,9
25159,clintongormley,2
25157,pickypg,1
25150,tbrooks8,1
25150,s1monw,4
25147,bleskes,2
25145,Sanne,1
25145,bleskes,1
25145,elasticmachine,1
25143,bleskes,1
25143,elasticmachine,1
25139,s12v,1
25139,jasontedor,8
25139,elasticmachine,1
25138,jpountz,1
25138,jimczi,1
25136,jasontedor,1
25136,rjernst,1
25136,dadoonet,1
25134,jaymode,2
25134,rjernst,2
25129,martijnvg,3
25129,jpountz,1
25128,ywelsch,1
25128,jasontedor,1
25127,clintongormley,3
25127,rjernst,1
25123,s1monw,1
25121,cbuescher,3
25121,elasticmachine,1
25120,jdconrad,1
25118,dakrone,3
25116,v1r,2
25116,jimczi,1
25115,jpountz,1
25115,jimczi,1
25114,jasontedor,1
25114,dakrone,2
25112,cbuescher,1
25112,jimczi,1
25108,polyfractal,1
25107,nik9000,2
25106,tlrx,3
25103,jimczi,1
25100,rjernst,1
25100,droberts195,1
25098,tlrx,3
25098,rjernst,2
25097,tlrx,1
25094,s1monw,4
25089,jasontedor,1
25087,archanid,1
25087,rjernst,1
25087,dakrone,2
25086,cbuescher,1
25085,talevy,4
25084,archanid,1
25083,bleskes,1
25082,tbrooks8,1
25081,jasontedor,2
25080,jmorph99,5
25080,nik9000,1
25080,rjernst,1
25080,bleskes,2
25074,martijnvg,1
25073,jimczi,1
25066,elasticmachine,1
25064,rjernst,1
25064,dadoonet,2
25059,talevy,5
25052,nik9000,6
25052,bleskes,1
25052,jasontedor,3
25052,PnPie,3
25052,elasticmachine,2
25048,jasontedor,1
25048,elasticmachine,1
25047,elasticmachine,1
25046,fred84,2
25046,cbuescher,4
25046,elasticmachine,1
25045,dakrone,1
25045,elasticmachine,1
25047,elasticmachine,1
25046,fred84,2
25046,cbuescher,4
25046,elasticmachine,1
25045,dakrone,1
25045,elasticmachine,1
25044,elasticmachine,2
25043,m1kola,4
25043,jasontedor,9
25043,dakrone,1
25042,nik9000,1
25039,jasontedor,1
25039,CodingArtisans,1
25039,elasticmachine,1
25037,nik9000,1
25036,jdconrad,1
25036,rjernst,1
25034,rjernst,1
25034,PnPie,1
25034,elasticmachine,1
25032,rjernst,1
25032,talevy,2
25031,jasontedor,1
25028,nik9000,1
25028,javanna,1
25028,jimczi,3
25024,tlrx,3
25024,nik9000,3
25024,javanna,1
25024,rjernst,2
25019,jpountz,1
25019,jimczi,2
25015,jdconrad,2
25011,tlrx,1
25010,abeyad,7
25010,jpountz,1
25006,nik9000,1
25006,jasontedor,1
25005,bleskes,3
25002,pangyikhei,1
25002,martijnvg,1
25002,jimczi,2
25001,dliappis,1
25000,nik9000,1
24990,nik9000,3
24989,dakrone,1
24988,nik9000,1
24988,elasticmachine,1
24984,polyfractal,1
24984,cbuescher,1
24982,nik9000,1
24982,jpountz,1
24981,jasontedor,3
24979,s1monw,1
24978,jimczi,2
24977,fred84,6
24977,bleskes,3
24977,karmi,2
24977,s1monw,4
24977,elasticmachine,1
24974,jpountz,1
24973,dakrone,3
24972,jdconrad,1
24970,jasontedor,2
24966,rjernst,1
24965,s1monw,1
24964,tlrx,1
24962,nik9000,1
24960,nik9000,1
24960,elasticmachine,1
24959,polyfractal,1
24957,nik9000,2
24957,david-cho-lerat-HL2,1
24957,elasticmachine,1
24956,nik9000,2
24956,elasticmachine,1
24954,martijnvg,1
24953,s12v,2
24953,jasontedor,6
24953,elasticmachine,1
24952,tlrx,1
24950,bleskes,3
24945,jasontedor,1
24943,nik9000,3
24937,nik9000,1
24937,rjernst,1
24937,s1monw,1
24934,cbuescher,1
24930,jasontedor,1
24930,bleskes,2
24927,tbrooks8,3
24926,nik9000,1
24926,jasontedor,1
24925,jasontedor,2
24924,propulkit,1
24924,clintongormley,1
24924,elasticmachine,1
24922,jasontedor,1
24922,rjernst,1
24916,rjernst,1
24914,elasticmachine,1
24913,JacobAMason,2
24913,nik9000,1
24913,clintongormley,1
24913,elasticmachine,1
24908,dakrone,1
24894,abeyad,2
24889,nezirus,3
24889,talevy,5
24889,elasticmachine,1
24888,elasticmachine,1
24885,rjernst,1
24884,rjernst,1
24884,rjernst,1
24879,rjernst,1
24879,uschindler,1
24876,talevy,1
24870,nik9000,4
24870,rjernst,1
24869,nik9000,1
24865,tlrx,4
24865,markharwood,1
24864,clintongormley,2
24864,jimczi,4
24863,nik9000,5
24863,jpountz,2
24861,jasontedor,1
24861,rjernst,1
24859,javanna,1
24858,ywelsch,1
24858,bleskes,1
24856,mashudong,1
24856,jasontedor,6
24856,jpountz,1
24856,elasticmachine,1
24852,nik9000,2
24852,elasticmachine,1
24851,rjernst,1
24851,s1monw,1
24846,nik9000,1
24843,clintongormley,1
24843,s1monw,4
24842,nik9000,1
24842,clintongormley,2
24842,antjori,1
24842,elasticmachine,1
24834,jasontedor,1
24834,bleskes,1
24833,abeyad,2
24833,rjernst,2
24831,jdconrad,1
24828,nik9000,2
24828,javanna,1
24828,cbuescher,4
24827,nik9000,1
24827,javanna,1
24827,cbuescher,1
24825,bleskes,2
24824,s1monw,1
24821,jimczi,1
24810,abeyad,3
24810,jasontedor,1
24802,jpountz,1
24798,nik9000,3
24798,rjernst,1
24797,chychkan,1
24797,nik9000,2
24797,elasticmachine,1
24796,javanna,1
24792,nik9000,1
24791,tlrx,1
24789,tlrx,1
24781,jasontedor,1
24781,elasticmachine,1
24777,s1monw,1
24776,tlrx,1
24775,nknize,2
24775,cbuescher,3
24775,jimczi,2
24772,ywelsch,1
24771,colings86,1
24759,dakrone,1
24758,rjernst,2
24757,ywelsch,1
24757,elasticmachine,1
24756,jdconrad,2
24753,cbuescher,1
24753,elasticmachine,1
24750,glefloch,4
24750,clintongormley,1
24750,talevy,7
24750,elasticmachine,1
24746,tlrx,3
24745,jasontedor,2
24745,dakrone,1
24743,jasontedor,2
24742,elasticmachine,1
24738,cbuescher,1
24737,jimczi,1
24736,kbialek,1
24736,karmi,1
24736,colings86,2
24736,elasticmachine,2
24731,jasontedor,1
24724,polyfractal,3
24724,nik9000,4
24723,javanna,1
24723,dakrone,4
24722,spalger,1
24722,s1monw,1
24720,javanna,1
24717,tlrx,1
24716,nik9000,1
24711,jasontedor,1
24711,elasticmachine,1
24707,jasontedor,1
24707,dadoonet,1
24707,elasticmachine,1
24706,tlrx,2
24702,danielmitterdorfer,1
24702,elasticmachine,1
24698,cbuescher,1
24697,tlrx,2
24697,rjernst,2
24692,nik9000,1
24692,rjernst,4
24690,nik9000,4
24690,lmajano,3
24690,elasticmachine,1
24688,s1monw,1
24688,jimczi,1
24685,nik9000,3
24683,javanna,1
24683,corysimmons,1
24683,elasticmachine,1
24682,tlrx,2
24682,cbuescher,1
24681,jasontedor,1
24678,s1monw,2
24676,jimczi,1
24671,bleskes,1
24671,markharwood,2
24671,ruria,3
24670,tlrx,1
24670,markharwood,1
24664,rjernst,1
24664,s1monw,1
24662,jasontedor,1
24659,nik9000,1
24659,karmi,1
24659,rjernst,1
24659,clintongormley,1
24658,colings86,2
24658,elasticmachine,1
24657,javanna,1
24657,elasticmachine,1
24639,tbrooks8,1
24639,s1monw,3
24638,martijnvg,1
24638,clintongormley,1
24638,jimczi,1
24637,jdconrad,3
24636,jbaiera,3
24636,dimitris-athanasiou,1
24636,rjernst,1
24635,nik9000,2
24635,elasticmachine,1
24633,pickypg,3
24633,jasontedor,1
24633,rjernst,7
24633,dadoonet,2
24633,clintongormley,2
24632,konste,2
24632,tlrx,4
24632,s1monw,3
24629,nik9000,1
24627,jasontedor,1
24627,rjernst,2
24618,nik9000,1
24618,jdconrad,10
24618,uschindler,10
24618,s1monw,2
24618,elasticmachine,1
24613,dakrone,1
24609,rjernst,2
24609,dadoonet,1
24609,s1monw,2
24608,ywelsch,1
24607,dadoonet,1
24607,elasticmachine,2
24605,abeyad,3
24605,rjernst,1
24598,glefloch,11
24598,jasontedor,16
24598,elasticmachine,1
24594,polyfractal,1
24594,martijnvg,1
24589,tlrx,1
24588,chrisivens,1
24588,nik9000,3
24588,elasticmachine,1
24586,jpountz,2
24585,kunal642,9
24585,javanna,5
24585,elasticmachine,1
24583,tlrx,2
24580,nik9000,1
24580,jasontedor,3
24580,epugh,2
24578,imotov,2
24578,nik9000,2
24578,s1monw,2
24573,jdconrad,4
24573,rjernst,1
24572,nik9000,1
24571,martijnvg,3
24571,jpountz,3
24569,tlrx,1
24568,chengpohi,1
24568,martijnvg,2
24568,elasticmachine,1
24564,cbuescher,1
24561,nik9000,1
24555,rjernst,1
24550,jdconrad,1
24550,drawsmcgraw,1
24550,clintongormley,1
24550,elasticmachine,1
24548,jasontedor,1
24546,jasontedor,1
24541,sudo-suhas,2
24541,nik9000,2
24535,jasontedor,1
24534,nknize,1
24534,jpountz,1
24534,jimczi,1
24533,KoenDG,2
24533,jasontedor,2
24533,elasticmachine,1
24525,KoenDG,3
24525,elasticmachine,1
24524,javanna,2
24522,jasontedor,1
24521,tlrx,2
24518,bleskes,1
24518,olcbean,2
24518,elasticmachine,1
24517,mattweber,5
24517,jimczi,2
24517,jaymode,1
24517,elasticmachine,1
24516,KoenDG,1
24516,elasticmachine,1
24513,jasontedor,5
24513,bleskes,1
24510,abeyad,6
24510,joachimdraeger,2
24510,talevy,1
24510,elasticmachine,2
24506,gitanupam,1
24506,nik9000,3
24506,elasticmachine,1
24505,s1monw,1
24501,nik9000,1
24499,jasontedor,1
24499,elasticmachine,1
24497,dliappis,1
24495,lcawl,4
24494,nik9000,1
24494,jasontedor,1
24493,jbaiera,3
24493,rjernst,1
24492,tlrx,1
24489,s1monw,1
24486,nik9000,1
24479,ywelsch,1
24478,abeyad,2
24477,imotov,3
24477,abeyad,10
24474,elasticmachine,1
24469,jasontedor,2
24469,normanmaurer,1
24466,dliappis,1
24461,ywelsch,1
24460,jpountz,1
24451,nik9000,1
24451,jasontedor,1
24450,jasontedor,1
24448,nik9000,1
24448,jasontedor,1
24447,rjernst,2
24445,rjernst,2
24445,dadoonet,1
24444,dakrone,1
24443,rjernst,1
24443,elasticmachine,1
24442,javanna,1
24439,KoenDG,3
24439,jasontedor,2
24439,rjernst,1
24439,elasticmachine,1
24434,ywelsch,2
24433,nknize,2
24426,nik9000,1
24415,javanna,3
24412,javanna,2
24412,tbrooks8,2
24411,KoenDG,2
24411,jasontedor,3
24411,elasticmachine,1
24409,jasontedor,1
24409,elasticmachine,1
24408,jasontedor,1
24407,martijnvg,1
24407,clintongormley,1
24407,PnPie,1
24407,elasticmachine,1
24406,jdconrad,8
24406,uschindler,10
24406,elasticmachine,1
24405,jdconrad,3
24405,uschindler,1
24405,elasticmachine,1
24404,jasontedor,3
24403,abeyad,2
24402,danielmitterdorfer,2
24402,s1monw,3
24398,weiqiyiji,2
24398,jpountz,2
24398,jimczi,3
24391,nik9000,3
24389,dliappis,2
24386,cbuescher,1
24382,jasontedor,1
24382,elasticmachine,1
24381,jasontedor,1
24379,imotov,4
24379,nik9000,1
24379,rjernst,3
24373,polyfractal,1
24373,nik9000,1
24372,fbaligand,2
24372,jimczi,2
24372,elasticmachine,1
24371,javanna,1
24371,cbuescher,1
24367,s1monw,2
24366,polyfractal,1
24366,javanna,1
24366,colings86,2
24366,cbuescher,4
24365,cbuescher,1
24363,pickypg,2
24363,jpountz,2
24357,jasontedor,1
24357,elasticmachine,1
24355,abeyad,1
24354,nik9000,2
24351,ywelsch,1
24351,rjernst,2
24350,dakrone,2
24350,elasticmachine,1
24348,nik9000,1
24347,abeyad,1
24347,elasticmachine,1
24346,KoenDG,1
24346,abeyad,1
24346,elasticmachine,1
24342,nik9000,1
24341,javanna,2
24341,elasticmachine,1
24340,KoenDG,4
24340,nik9000,2
24340,jasontedor,2
24340,rjernst,1
24340,elasticmachine,1
24337,nik9000,1
24337,jasontedor,1
24336,polyfractal,2
24336,cbuescher,1
24333,ywelsch,1
24328,javanna,1
24325,nik9000,1
24324,nik9000,2
24324,geekpete,2
24323,polyfractal,2
24323,colings86,2
24322,abeyad,4
24321,KoenDG,4
24321,jasontedor,3
24321,elasticmachine,1
24317,jpountz,6
24317,clintongormley,1
24317,rjernst,1
24316,jasontedor,2
24316,elasticmachine,1
24315,nik9000,1
24315,rjernst,1
24311,tback,3
24311,jasontedor,4
24311,elasticmachine,1
24310,rjernst,1
24307,clintongormley,1
24300,martijnvg,2
24300,elasticmachine,1
24298,nik9000,6
24298,jasontedor,2
24298,rjernst,2
24295,winstonewert,3
24295,colings86,6
24295,elasticmachine,1
24294,jaymode,2
24294,rjernst,2
24293,matriv,1
24293,elasticmachine,1
24292,javanna,2
24292,cbuescher,1
24292,colings86,1
24291,cbuescher,2
24290,nik9000,1
24289,abeyad,2
24286,jasontedor,1
24285,nik9000,2
24285,jasontedor,2
24284,cbuescher,1
24282,kunal642,8
24282,nik9000,6
24282,elasticmachine,2
24276,jasontedor,2
24276,elasticmachine,1
24274,KoenDG,2
24274,s1monw,4
24274,elasticmachine,1
24271,nik9000,4
24271,elasticmachine,1
24270,elasticmachine,2
24261,nik9000,1
24260,jasontedor,1
24258,nik9000,2
24252,jasontedor,1
24251,nik9000,2
24251,colings86,2
24249,jbaiera,6
24245,tlrx,1
24243,bleskes,1
24242,glefloch,1
24242,jimczi,3
24242,bleskes,1
24242,elasticmachine,1
24241,nik9000,2
24241,nilabhsagar,3
24241,elasticmachine,1
24240,tlrx,1
24234,pdf,4
24234,juergenknaack,3
24234,jasontedor,4
24234,porbas,1
24234,elasticmachine,1
24223,nik9000,4
24222,javanna,2
24222,olcbean,1
24222,elasticmachine,1
24221,nik9000,2
24221,elasticmachine,1
24216,tlrx,1
24214,jimczi,2
24213,tlrx,2
24212,cbuescher,2
24210,IdanWo,1
24210,nik9000,1
24210,jpountz,1
24208,tlrx,1
24206,tlrx,1
24205,elasticmachine,1
24204,clintongormley,1
24202,jpountz,1
24198,jasontedor,2
24197,nik9000,2
24197,jdconrad,1
24197,rjernst,1
24195,rjernst,1
24183,tlrx,1
24180,kunal642,1
24180,javanna,2
24180,clintongormley,1
24180,elasticmachine,1
24178,jimczi,1
24177,loekvangool,1
24177,jimczi,1
24175,jimczi,1
24175,fbaligand,3
24175,elasticmachine,1
24174,clintongormley,1
24174,elasticmachine,1
24173,rjernst,2
24173,clintongormley,1
24173,jimczi,1
24171,jasontedor,1
24169,colings86,1
24168,nik9000,2
24164,dakrone,1
24164,karmi,1
24164,elasticmachine,1
24162,cbuescher,1
24161,tlrx,1
24160,tlrx,1
24157,tlrx,1
24156,jaymode,2
24156,s1monw,1
24155,tlrx,1
24154,tlrx,1
24150,rjernst,1
24149,s1monw,2
24149,bleskes,2
24148,abeyad,3
24148,javanna,2
24147,jasontedor,1
24146,nik9000,4
24146,himanshubhandoh,1
24146,elasticmachine,1
24144,rjernst,1
24141,nik9000,3
24141,karmi,1
24138,nik9000,2
24138,elasticmachine,1
24135,bleskes,2
24135,dakrone,1
24133,alexshadow007,1
24133,talevy,3
24133,elasticmachine,1
24128,nik9000,1
24128,rjernst,1
24128,elasticmachine,1
24126,mattweber,7
24126,javanna,1
24126,jpountz,4
24126,elasticmachine,1
24118,jasontedor,1
24115,martijnvg,3
24115,jpountz,2
24114,jasontedor,1
24109,jasontedor,1
24109,elasticmachine,1
24106,jasontedor,1
24106,elasticmachine,1
24102,ywelsch,1
24102,jasontedor,1
24099,s1monw,1
24098,jasontedor,1
24098,elasticmachine,1
24093,jasontedor,2
24092,dliappis,3
24092,jasontedor,2
24090,tlrx,1
24089,danielmitterdorfer,1
24089,jpountz,1
24085,tlrx,1
24085,cbuescher,2
24081,jasontedor,3
24081,rjernst,1
24079,jasontedor,1
24078,abeyad,2
24078,olalonde,1
24078,elasticmachine,1
24077,nik9000,3
24076,nik9000,1
24075,nik9000,3
24075,abeyad,1
24075,bleskes,2
24073,imotov,1
24073,bleskes,2
24071,jasontedor,1
24070,jdconrad,4
24070,nik9000,4
24070,uschindler,7
24068,nik9000,1
24068,karmi,1
24068,byronvoorbach,4
24068,elasticmachine,3
24068,jimczi,3
24068,olcbean,1
24067,jasontedor,5
24067,rjernst,2
24067,pgier,1
24067,elasticmachine,1
24061,ywelsch,1
24060,bleskes,2
24059,dliappis,1
24059,jasontedor,1
24059,rjernst,6
24055,jimczi,2
24054,polyfractal,1
24054,martijnvg,1
24053,jasontedor,1
24052,jasontedor,5
24052,s1monw,3
24052,dakrone,3
24051,tbrooks8,2
24051,s1monw,1
24049,jasontedor,2
24048,nik9000,5
24046,nik9000,2
24046,KmeCnin,1
24046,elasticmachine,1
24042,nik9000,2
24042,dmitry-php,1
24042,elasticmachine,1
24033,elasticmachine,2
24030,talevy,5
24029,nik9000,2
24025,nik9000,1
24022,jasontedor,1
24021,s1monw,1
24020,javanna,2
24020,cbuescher,2
24017,glefloch,1
24017,clintongormley,2
24016,martijnvg,2
24016,jpountz,3
24015,jasontedor,3
24015,s1monw,1
24015,bleskes,1
24014,nik9000,1
24014,jaymode,1
24013,jasontedor,2
24013,olcbean,2
24012,clintongormley,1
24012,s1monw,1
24004,javanna,1
24004,elasticmachine,1
24000,tomryanx,2
24000,jasontedor,3
24000,elasticmachine,1
23999,abeyad,1
23999,jasontedor,3
23999,elasticmachine,1
23998,bleskes,1
23997,nik9000,1
23997,jimczi,1
23997,olcbean,7
23997,javanna,6
23997,elasticmachine,1
23995,jasontedor,1
23995,dadoonet,1
23994,jasontedor,2
23994,elasticmachine,1
23993,jasontedor,1
23993,elasticmachine,1
23989,jasontedor,1
23989,dakrone,2
23986,nik9000,1
23985,tbrooks8,2
23985,s1monw,1
23985,clintongormley,1
23984,rjernst,1
23982,jasontedor,2
23982,rjernst,1
23980,jasontedor,1
23977,nik9000,1
23976,rjernst,1
23976,s1monw,1
23974,tlrx,4
23974,cbuescher,1
23973,cbuescher,1
23971,javanna,1
23971,elasticmachine,1
23969,s1monw,4
23965,javanna,1
23962,s1monw,1
23962,bleskes,1
23961,rjernst,1
23954,nik9000,1
23954,tbrooks8,1
23953,nik9000,3
23953,silashansen,1
23953,jasontedor,1
23953,dakrone,2
23952,abeyad,1
23952,rjernst,1
23950,jaymode,1
23949,javanna,1
23948,cbuescher,2
23948,elasticmachine,1
23946,jpountz,2
23946,s1monw,3
23941,jaymode,7
23941,rjernst,1
23931,imotov,1
23931,bleskes,1
23930,nik9000,4
23923,olcbean,4
23923,javanna,5
23923,jasontedor,1
23923,elasticmachine,1
23921,eliast,1
23921,martijnvg,1
23921,jpountz,1
23920,jimczi,1
23915,bleskes,1
23914,trejkaz,1
23914,trevan,1
23914,aleph-zero,1
23914,jpountz,1
23914,Mogztter,1
23913,nik9000,1
23913,elasticmachine,1
23912,javanna,1
23911,glefloch,2
23911,jasontedor,2
23911,elasticmachine,1
23907,rjernst,1
23906,dakrone,1
23905,dakrone,1
23905,elasticmachine,1
23900,rjernst,1
23900,karmi,1
23900,wittyameta,1
23900,elasticmachine,1
23897,javanna,1
23896,cbuescher,1
23894,cbuescher,1
23891,wittyameta,1
23891,cbuescher,2
23891,elasticmachine,1
23889,jasontedor,2
23888,jasontedor,2
23888,elasticmachine,1
23887,jasontedor,1
23887,elasticmachine,1
23886,jasontedor,1
23884,nik9000,1
23884,s1monw,5
23884,ppf2,1
23884,clintongormley,1
23884,LucaWintergerst,1
23884,dakrone,11
23883,Mpdreamz,1
23883,s1monw,3
23883,jimczi,2
23881,s1monw,2
23881,jimczi,1
23878,jasontedor,2
23878,elasticmachine,1
23877,jasontedor,3
23877,rjernst,1
23877,dadoonet,4
23870,wyukawa,1
23870,elasticmachine,1
23867,cbuescher,1
23867,elasticmachine,1
23864,jasontedor,1
23863,jasontedor,1
23855,nik9000,3
23853,javanna,2
23847,javanna,2
23847,cbuescher,2
23846,elasticmachine,1
23837,tvernum,1
23837,elasticmachine,2
23833,abeyad,1
23832,bleskes,1
23832,dakrone,6
23830,s1monw,1
23825,astefan,1
23825,jasontedor,5
23825,bleskes,2
23817,cbuescher,1
23810,SacredWizard,1
23810,dadoonet,1
23810,elasticmachine,1
23807,abeyad,3
23805,nik9000,4
23805,bleskes,1
23805,jimczi,1
23802,jasontedor,1
23802,elasticmachine,1
23799,cbuescher,1
23797,javanna,1
23797,jpountz,3
23797,rahul1193,1
23795,ebernhardson,1
23795,jimczi,1
23795,nomoa,1
23795,elasticmachine,1
23794,jasontedor,1
23791,jasontedor,1
23791,elasticmachine,1
23789,jpountz,1
23789,cbuescher,3
23779,bleskes,1
23771,eskibars,1
23769,jasontedor,1
23769,elasticmachine,1
23758,sudo-suhas,7
23758,javanna,4
23758,markharwood,3
23758,elasticmachine,1
23757,jasontedor,1
23754,sudo-suhas,6
23754,nik9000,4
23754,javanna,5
23754,elasticmachine,1
23752,sudo-suhas,3
23752,javanna,2
23752,elasticmachine,1
23746,jasontedor,2
23744,nik9000,5
23744,rjernst,1
23743,jasontedor,1
23735,tlrx,1
23711,jasontedor,1
23711,s1monw,1
23711,bleskes,7
23708,elasticmachine,1
23706,nik9000,3
23706,AdityaJNair,3
23706,rjernst,2
23706,elasticmachine,1
23704,elasticmachine,1
23703,abeyad,1
23701,kunal642,2
23701,jasontedor,2
23701,elasticmachine,1
23698,glefloch,6
23698,javanna,8
23698,jasontedor,5
23698,elasticmachine,1
23691,karmi,1
23691,Jingw98,1
23691,elasticmachine,1
23690,tvernum,1
23690,elasticmachine,1
23689,cbuescher,3
23689,elasticmachine,2
23686,jasontedor,1
23686,elasticmachine,1
23684,jpountz,3
23684,cbuescher,2
23677,nik9000,1
23677,abeyad,1
23672,nik9000,2
23672,HonzaKral,1
23669,jasontedor,1
23669,elasticmachine,1
23667,nik9000,2
23667,cbuescher,1
23666,elasticmachine,1
23665,areek,1
23665,dakrone,1
23662,jasontedor,1
23659,jaymode,1
23657,emirb,1
23657,nik9000,3
23657,jasontedor,1
23657,elasticmachine,1
23656,nik9000,4
23648,jasontedor,1
23648,s1monw,1
23647,nik9000,1
23647,nikiforosbotis,2
23647,elasticmachine,2
23645,nik9000,1
23645,elasticmachine,1
23644,a-lattas,3
23644,jasontedor,2
23644,elasticmachine,2
23643,jasontedor,3
23643,gpantelis,2
23643,elasticmachine,1
23638,nik9000,3
23638,StefanGor,1
23638,elasticmachine,1
23637,abeyad,2
23637,jpountz,1
23636,jasontedor,2
23636,rjernst,1
23635,jasontedor,1
23635,dimitris-athanasiou,4
23633,maxg203,2
23633,qwerty4030,1
23633,nik9000,1
23633,karmi,1
23633,elasticmachine,1
23632,nik9000,2
23632,jasontedor,2
23632,dimitris-athanasiou,6
23632,bleskes,1
23624,jasontedor,1
23624,rjernst,1
23623,nik9000,1
23623,olcbean,2
23623,rjernst,1
23623,s1monw,1
23623,sscarduzio,2
23622,nik9000,3
23622,elasticmachine,1
23621,nik9000,1
23621,jasontedor,1
23618,jasontedor,1
23614,nik9000,9
23614,rjernst,2
23614,dadoonet,1
23607,miki1029,1
23607,nik9000,2
23607,elasticmachine,1
23606,jasontedor,5
23605,jkiang13,2
23605,ywelsch,2
23605,jasontedor,2
23605,elasticmachine,1
23600,abeyad,2
23599,rjernst,1
23598,jasontedor,3
23596,rjernst,1
23595,jasontedor,3
23593,matriv,3
23593,jasontedor,1
23593,s1monw,2
23593,elasticmachine,1
23592,soenkeliebau,1
23592,bleskes,1
23592,elasticmachine,1
23591,nik9000,1
23591,elasticmachine,1
23590,nik9000,1
23585,jasontedor,1
23583,greenx,3
23583,nik9000,1
23583,karmi,1
23583,rjernst,1
23583,elasticmachine,1
23582,g3thes,1
23582,bleskes,1
23582,jasontedor,1
23582,elasticmachine,1
23581,dadoonet,1
23581,elasticmachine,1
23577,sunkuet02,1
23577,jasontedor,1
23577,rjernst,1
23577,elasticmachine,1
23575,dadoonet,3
23575,elasticmachine,1
23574,robinst,2
23574,nik9000,2
23574,elasticmachine,1
23572,jaymode,1
23572,s1monw,1
23567,bleskes,1
23566,nik9000,2
23566,nodkz,2
23566,elasticmachine,1
23565,nik9000,1
23565,nodkz,1
23565,elasticmachine,1
23563,nik9000,13
23563,jdconrad,6
23561,jasontedor,1
23561,elasticmachine,1
23559,tbrooks8,6
23559,s1monw,4
23550,rjernst,1
23550,elasticmachine,1
23549,elasticmachine,1
23548,tback,1
23548,jasontedor,2
23548,rjernst,1
23545,nik9000,1
23544,nik9000,1
23544,jasontedor,1
23544,rjernst,1
23543,bleskes,1
23542,jasontedor,1
23542,danielmitterdorfer,3
23542,lirenzuo,1
23540,jasontedor,1
23539,uschindler,3
23538,jasontedor,1
23538,bleskes,1
23528,rjernst,1
23527,jasontedor,1
23522,nik9000,2
23522,thefourtheye,3
23522,elasticmachine,1
23521,rjernst,1
23521,elasticmachine,1
23520,dadoonet,3
23520,elasticmachine,1
23517,jasontedor,1
23517,dadoonet,4
23510,cbuescher,3
23510,elasticmachine,1
23508,ebuildy,1
23508,rjernst,1
23508,liveangel-js,1
23508,elasticmachine,1
23503,jasontedor,2
23500,karmi,1
23497,jasontedor,3
23497,jaymode,6
23497,qwerty4030,13
23497,elasticmachine,1
23493,jasontedor,1
23491,nilabhsagar,5
23491,rjernst,2
23491,elasticmachine,1
23485,jasontedor,1
23485,elasticmachine,1
23483,abeyad,4
23478,elasticmachine,1
23469,javanna,1
23469,clintongormley,1
23469,elasticmachine,1
23464,jasontedor,1
23462,jasontedor,2
23462,cbuescher,3
23460,jasontedor,1
23459,jasontedor,1
23451,cbuescher,2
23447,ianomad,1
23447,elasticmachine,1
23444,jan0sch,1
23444,elasticmachine,1
23441,jasontedor,2
23440,abeyad,1
23439,Divyakoganti,1
23439,surekhabalaji,1
23439,jasontedor,2
23439,rjernst,3
23439,jbaiera,9
23438,nik9000,3
23438,dadoonet,1
23437,tlrx,2
23437,cbuescher,4
23434,jasontedor,1
23433,jpountz,1
23433,jimczi,2
23431,jimczi,1
23428,tlrx,1
23424,clintongormley,1
23421,jasontedor,1
23421,rjernst,1
23420,jasontedor,2
23420,jbaiera,1
23419,nik9000,1
23418,jasontedor,1
23416,jasontedor,2
23416,rjernst,1
23411,jasontedor,1
23410,jasontedor,1
23406,msancho,2
23406,clintongormley,2
23406,elasticmachine,1
23404,cbuescher,2
23403,fishioon,1
23403,talevy,1
23403,elasticmachine,1
23402,tlrx,1
23400,jasontedor,1
23400,elasticmachine,1
23399,colings86,1
23397,abeyad,2
23397,jpcarey,1
23397,dakrone,1
23396,vertexcite,1
23396,clintongormley,1
23396,elasticmachine,1
23391,jimczi,1
23391,jbbarth,1
23388,nik9000,1
23387,jasontedor,1
23387,dadoonet,5
23386,tlrx,1
23386,rjernst,1
23377,nik9000,2
23377,elasticmachine,1
23376,nik9000,2
23376,elasticmachine,1
23373,nik9000,1
23373,javanna,1
23373,tbrooks8,6
23373,s1monw,2
23369,nik9000,4
23369,jdconrad,2
23369,rjernst,2
23362,clintongormley,1
23360,abeyad,1
23360,rjernst,1
23359,dakrone,1
23358,rjernst,1
23358,cbuescher,1
23352,cbuescher,1
23351,nik9000,2
23351,javanna,3
23351,dadoonet,6
23350,cbuescher,1
23349,bleskes,1
23345,tlrx,1
23345,rjernst,1
23345,talevy,1
23344,nik9000,1
23344,juukie,1
23344,clintongormley,1
23344,elasticmachine,1
23342,hendrikmuhs,1
23342,jasontedor,2
23339,jasontedor,4
23339,rjernst,2
23335,jasontedor,1
23335,bleskes,1
23334,cbuescher,1
23333,abeyad,3
23328,javanna,1
23327,jimczi,1
23327,elasticmachine,1
23326,cbuescher,1
23326,s1monw,1
23320,elasticmachine,1
23318,ppf2,1
23318,nik9000,1
23318,elasticmachine,1
23317,jasontedor,1
23317,spinscale,1
23314,bleskes,1
23314,areek,2
23314,elasticmachine,1
23313,jasontedor,1
23312,tlrx,3
23310,jchipmunk,1
23310,jasontedor,3
23310,asafb-wix,1
23307,tlrx,1
23307,javanna,1
23307,elasticmachine,1
23305,cbuescher,3
23304,rjernst,1
23300,jasontedor,1
23300,elasticmachine,2
23298,nik,2
23298,jdconrad,2
23298,nik9000,6
23298,clintongormley,1
23297,tbrooks8,2
23297,rjernst,1
23296,clintongormley,1
23296,elasticmachine,1
23293,jasontedor,2
23293,dakrone,5
23292,dadoonet,1
23292,elasticmachine,1
23291,colings86,3
23289,tlrx,1
23288,nik9000,2
23288,clintongormley,1
23288,s1monw,5
23284,jasontedor,3
23284,danielmitterdorfer,5
23284,clintongormley,1
23282,nik9000,2
23282,jdconrad,1
23278,javanna,1
23278,dadoonet,6
23278,elasticmachine,1
23276,rjernst,2
23276,dadoonet,3
23276,elasticmachine,1
23275,jasontedor,1
23273,jasontedor,1
23273,dadoonet,1
23273,elasticmachine,1
23266,tlrx,2
23265,kunal642,10
23265,nik9000,2
23265,javanna,1
23265,tlrx,1
23265,elasticmachine,3
23262,dadoonet,3
23262,elasticmachine,1
23261,cbuescher,1
23255,jpountz,1
23254,maddin2016,1
23254,jpountz,6
23254,elasticmachine,1
23253,IdanWo,2
23253,colings86,1
23253,jpountz,5
23253,s1monw,5
23252,clintongormley,1
23252,GlenRSmith,1
23248,jimczi,4
23248,shaie,8
23248,elasticmachine,2
23247,koenpunt,2
23247,dliappis,2
23247,jasontedor,3
23247,elasticmachine,1
23245,javanna,2
23245,KodrAus,2
23243,nik9000,3
23243,cbuescher,1
23241,javanna,3
23241,giorgosp,4
23241,colings86,2
23241,elasticmachine,1
23240,elasticmachine,1
23238,jdconrad,2
23238,nik9000,1
23234,tlrx,2
23232,abhishek5678,4
23232,nilabhsagar,3
23232,clintongormley,2
23232,elasticmachine,2
23229,maddin2016,2
23229,jpountz,3
23229,rjernst,1
23229,elasticmachine,1
23226,cbuescher,2
23219,jasontedor,1
23216,clintongormley,1
23216,elasticmachine,1
23215,tlrx,1
23215,cbuescher,1
23214,dumakant,1
23214,jasontedor,5
23214,dadoonet,13
23214,RkirkCBD,2
23213,biyuhao,1
23213,clintongormley,2
23213,elasticmachine,1
23205,markharwood,1
23205,cbuescher,2
23202,cbuescher,2
23198,tvernum,1
23198,elasticmachine,1
23196,jasontedor,1
23194,jasontedor,6
23194,s1monw,1
23194,bleskes,1
23192,nik9000,1
23192,javanna,1
23192,jasontedor,1
23192,elasticmachine,1
23189,abeyad,1
23187,tlrx,1
23187,javanna,1
23187,dadoonet,5
23187,elasticmachine,1
23186,jasontedor,2
23183,spalger,1
23183,jaymode,3
23183,javanna,1
23183,clintongormley,2
23180,clintongormley,1
23180,elasticmachine,1
23179,clintongormley,1
23179,elasticmachine,1
23177,clintongormley,1
23177,elasticmachine,1
23175,rjernst,1
23175,s1monw,1
23174,elasticmachine,1
23174,rjernst,1
23174,talevy,3
23174,clintongormley,2
23173,jasontedor,1
23171,clintongormley,1
23171,elasticmachine,1
23164,adambro,3
23164,clintongormley,3
23164,elasticmachine,1
23162,mikemccand,1
23161,clintongormley,1
23161,johtani,3
23160,bleskes,1
23156,s1monw,1
23155,jasontedor,1
23155,elasticmachine,1
23154,dakrone,1
23154,rjernst,3
23154,uschindler,1
23154,elasticmachine,1
23153,jasontedor,1
23151,jasontedor,5
23146,jaymode,2
23146,clintongormley,1
23141,elasticmachine,1
23141,jpountz,1
23141,markharwood,1
23140,jpountz,3
23140,markharwood,2
23136,jasontedor,2
23135,bleskes,2
23133,jasontedor,1
23132,bleskes,1
23130,jasontedor,1
23129,jasontedor,1
23127,clintongormley,1
23127,elasticmachine,1
23125,jasontedor,2
23125,elasticmachine,1
23124,jasontedor,2
23124,elasticmachine,1
23123,sandyandi-iprice,1
23123,elasticmachine,1
23118,s1monw,5
23116,spinscale,1
23112,jasontedor,1
23111,clintongormley,1
23111,elasticmachine,1
23110,jasontedor,1
23110,elasticmachine,1
23109,gm42,3
23109,clintongormley,2
23109,elasticmachine,1
23107,sandyandi,1
23107,clintongormley,1
23107,elasticmachine,1
23106,tlrx,2
23098,gmarz,1
23098,elasticmachine,2
23095,nik9000,1
23095,jasontedor,1
23095,bleskes,1
23094,jasontedor,1
23093,jasontedor,2
23093,dakrone,2
23091,mms-programming,2
23091,clintongormley,1
23091,elasticmachine,1
23089,mms-programming,1
23089,karmi,1
23089,elasticmachine,1
23080,tlrx,2
23080,javanna,1
23080,clintongormley,1
23079,jimczi,1
23078,jaymode,1
23078,javanna,1
23074,javanna,1
23072,javanna,1
23071,tlrx,1
23071,danielmitterdorfer,2
23071,cbuescher,6
23070,wenpos,3
23070,nik9000,2
23070,elasticmachine,1
23061,jasontedor,4
23061,DanielLyons178,3
23061,colings86,1
23061,elasticmachine,3
23060,nik9000,2
23058,clintongormley,1
23058,elasticmachine,1
23055,jasontedor,2
23055,tbrooks8,1
23054,javanna,2
23053,s1monw,1
23053,jimczi,3
23045,s1monw,2
23043,javanna,1
23040,tlrx,3
23038,bleskes,2
23038,areek,6
23038,dakrone,2
23037,bleskes,1
23035,clintongormley,1
23035,elasticmachine,1
23028,jasontedor,1
23028,elasticmachine,1
23026,nik9000,1
23026,elasticmachine,1
23024,dakrone,2
23024,bleskes,1
23023,karmi,1
23021,nik9000,2
23021,jdconrad,1
23019,jaymode,1
23018,tlrx,1
23018,cbuescher,2
23016,abeyad,1
23016,ywelsch,1
23015,jimczi,1
23015,javanna,1
23015,elasticmachine,1
23007,spalger,11
23007,sophiec20,1
23007,jimczi,7
23007,Bargs,1
23007,karmi,1
23007,clintongormley,8
23007,dimitris-athanasiou,1
23005,s1monw,1
23000,cbuescher,1
22999,s1monw,1
22995,jasontedor,1
22994,jimczi,1
22988,russcam,2
22988,rjernst,1
22988,elasticmachine,1
22987,nik9000,2
22987,elasticmachine,1
22984,bleskes,1
22983,nik9000,12
22983,jdconrad,2
22979,clintongormley,1
22979,elasticmachine,1
22977,bleskes,2
22975,elasticmachine,1
22974,rjernst,1
22972,dakrone,1
22970,dakrone,2
22969,nik9000,1
22966,tbrooks8,1
22966,s1monw,1
22965,tlrx,3
22965,javanna,2
22965,clintongormley,2
22964,tbrooks8,2
22964,s1monw,3
22963,dadoonet,2
22961,jpountz,1
22960,jasontedor,1
22959,nik9000,1
22959,dadoonet,2
22956,nik9000,3
22956,jaymode,2
22956,jasontedor,1
22956,jpountz,1
22956,cbuescher,3
22955,clintongormley,1
22955,elasticmachine,1
22954,nik9000,1
22949,abeyad,1
22949,jasontedor,1
22949,elasticmachine,1
22948,nik9000,2
22947,spalger,2
22947,javanna,2
22947,jaymode,5
22946,nik9000,1
22946,rjernst,3
22946,dakrone,1
22945,jasontedor,3
22945,bleskes,2
22942,nik9000,1
22940,pickypg,2
22939,abeyad,1
22935,jasontedor,1
22935,rjernst,1
22934,cbuescher,1
22931,nik9000,1
22931,jimczi,1
22931,mucika,1
22930,jasontedor,4
22930,elasticmachine,1
22924,tlrx,1
22921,abeyad,3
22921,clintongormley,2
22918,nik9000,1
22911,rjernst,1
22907,sabi0,2
22907,rjernst,5
22907,elasticmachine,1
22906,imotov,1
22904,jasontedor,1
22904,sabi0,3
22904,rjernst,3
22904,elasticmachine,1
22903,cbuescher,1
22900,bleskes,1
22897,russcam,3
22897,rjernst,1
22897,KodrAus,2
22895,nik9000,2
22894,rjernst,1
22892,abeyad,1
22891,dakrone,2
22889,Tobion,1
22889,clintongormley,1
22889,elasticmachine,1
22883,clintongormley,1
22883,elasticmachine,1
22878,alamzeeshan,1
22878,clintongormley,2
22878,elasticmachine,1
22877,shubham391,1
22877,clintongormley,1
22877,elasticmachine,1
22876,clintongormley,1
22875,nik9000,7
22875,rjernst,2
22875,clintongormley,3
22874,dakrone,4
22873,tlrx,3
22871,rjernst,2
22865,nik9000,1
22865,clintongormley,1
22865,giftig,1
22862,dliappis,1
22859,tlrx,3
22856,dadoonet,2
22855,rjernst,1
22855,elasticmachine,1
22853,rjernst,1
22853,dadoonet,1
22851,bleskes,3
22850,rjernst,1
22850,clintongormley,1
22850,elasticmachine,1
22839,clintongormley,1
22839,elasticmachine,1
22838,rjernst,1
22837,nik9000,1
22837,jimczi,1
22832,nik9000,7
22832,jasontedor,1
22832,s1monw,8
22832,bleskes,2
22832,elasticmachine,1
22832,sabi0,10
22832,clintongormley,1
22830,rjernst,1
22830,clintongormley,1
22830,elasticmachine,1
22828,bleskes,2
22826,abeyad,5
22822,jasontedor,6
22822,s1monw,1
22822,bleskes,3
22820,cbuescher,5
22820,jimczi,1
22819,tlrx,1
22819,dadoonet,2
22816,nik9000,2
22815,tlrx,2
22812,areek,1
22810,polyfractal,1
22810,nik9000,2
22810,javanna,1
22810,tlrx,1
22810,s1monw,1
22809,ywelsch,1
22809,spinscale,2
22807,s1monw,1
22805,clintongormley,1
22802,s1monw,4
22799,dadoonet,3
22798,clintongormley,1
22798,elasticmachine,1
22797,tbrooks8,1
22795,elasticmachine,1
22793,tbrooks8,3
22793,rjernst,1
22787,gmarz,2
22787,dadoonet,1
22787,jpountz,1
22787,s1monw,2
22787,clintongormley,2
22783,tlrx,2
22781,abeyad,1
22781,martijnvg,2
22781,rjernst,2
22778,areek,1
22775,nik9000,8
22775,clintongormley,2
22772,srgclr,1
22772,martijnvg,1
22772,elasticmachine,1
22765,clintongormley,1
22765,cavvia,2
22765,elasticmachine,1
22764,dadoonet,1
22762,rjernst,7
22762,dadoonet,7
22757,jasontedor,4
22757,s1monw,2
22756,elasticmachine,1
22754,nik9000,1
22752,jasontedor,3
22752,rjernst,4
22752,s1monw,2
22752,tbrooks8,8
22749,nik9000,2
22747,jasontedor,1
22743,dadoonet,3
22741,tlrx,1
22735,clintongormley,1
22733,clintongormley,1
22731,clintongormley,1
22731,nfsec,1
22729,dadoonet,1
22727,jasontedor,2
22727,rjernst,1
22725,javanna,1
22725,s1monw,1
22724,jimczi,3
22724,mikemccand,1
22721,rjernst,1
22721,bleskes,1
22717,cbuescher,2
22716,danielmitterdorfer,1
22715,danielmitterdorfer,1
22714,tlrx,2
22714,jimczi,1
22713,jimczi,1
22711,ywelsch,1
22711,alexbrasetvik,1
22711,jasontedor,1
22709,JeffreyZZ,2
22709,abeyad,2
22709,clintongormley,2
22709,dadoonet,1
22709,rjernst,2
22706,javanna,2
22704,jdconrad,1
22704,nik9000,2
22703,javanna,2
22702,bleskes,1
22701,clintongormley,1
22700,abeyad,1
22697,dakrone,1
22696,jasontedor,1
22695,nik9000,1
22694,ywelsch,1
22693,bumbu,2
22693,dakrone,3
22691,dakrone,1
22691,alexbrasetvik,1
22691,jasontedor,1
22691,paladox,3
22691,Mpdreamz,1
22691,karmi,3
22691,javanna,4
22691,jaymode,4
22691,clintongormley,2
22691,pickypg,2
22691,HonzaKral,2
22688,jimczi,1
22687,tlrx,1
22687,jasontedor,4
22685,animageofmine,3
22685,abeyad,1
22685,jasontedor,2
22685,clintongormley,1
22682,polyfractal,1
22682,jimczi,2
22681,clintongormley,1
22680,dadoonet,3
22678,s1monw,1
22678,jimczi,1
22677,s1monw,2
22675,tlrx,1
22674,jasontedor,1
22674,karmi,1
22674,clintongormley,1
22673,antono,1
22673,clintongormley,1
22669,nik9000,2
22669,ywelsch,3
22669,jasontedor,1
22669,rjernst,2
22668,nik9000,2
22668,s1monw,1
22667,clintongormley,1
22666,nik9000,2
22665,nik9000,3
22665,jasontedor,1
22665,sebunger,2
22662,elijahdjmarshall,1
22662,jasontedor,2
22659,jasontedor,1
22656,elijahdjmarshall,2
22656,jasontedor,2
22655,nik9000,1
22655,javanna,1
22652,clintongormley,2
22652,asjp,1
22649,cbuescher,3
22647,jasontedor,1
22647,bleskes,4
22646,javanna,2
22646,tbrooks8,2
22646,rjernst,2
22643,clintongormley,1
22643,mikemccand,2
22641,JordanRobinson,1
22639,jasontedor,1
22639,tbrooks8,1
22638,cbuescher,1
22637,javanna,2
22634,matriv,2
22634,s1monw,1
22634,dadoonet,2
22631,bleskes,3
22628,clintongormley,1
22627,jasontedor,1
22626,jasontedor,1
22625,jasontedor,1
22624,jasontedor,1
22622,tbrooks8,4
22619,clintongormley,1
22618,s1monw,1
22617,clintongormley,1
22615,elijahdjmarshall,3
22615,clintongormley,3
22612,dadoonet,2
22611,tlrx,4
22611,javanna,1
22610,mikemccand,1
22609,rjernst,1
22609,dadoonet,1
22603,javanna,1
22603,tbrooks8,3
22603,s1monw,3
22601,rjernst,1
22601,talevy,4
22600,nik9000,1
22598,jimczi,1
22597,jasontedor,2
22597,dakrone,1
22596,tlrx,1
22596,jasontedor,1
22595,javanna,1
22595,jasontedor,1
22593,nik9000,1
22593,mikemccand,1
22592,jonmcoe,2
22592,clintongormley,1
22591,abeyad,5
22590,imotov,2
22587,jasontedor,1
22586,tlrx,3
22586,javanna,1
22586,cbuescher,2
22579,makeyang,5
22579,elasticmachine,1
22579,jasontedor,2
22579,colings86,1
22579,gaganis,2
22578,clintongormley,1
22577,abeyad,3
22577,jasontedor,1
22575,nik9000,3
22574,mattweber,2
22574,mikemccand,2
22572,jasontedor,1
22572,tbrooks8,2
22572,s1monw,1
22571,javanna,1
22569,Mpdreamz,1
22569,javanna,1
22569,gmarz,2
22567,rjernst,6
22567,dadoonet,2
22565,polyfractal,2
22565,s1monw,2
22562,polyfractal,1
22562,javanna,2
22562,karmi,1
22562,clintongormley,1
22562,gmarz,1
22561,polyfractal,2
22561,javanna,2
22561,clintongormley,2
22561,cbuescher,6
22560,jdconrad,1
22559,mattweber,1
22559,jimczi,1
22558,tlrx,1
22554,s1monw,1
22553,jasontedor,1
22549,tlrx,1
22546,MarxDimitri,1
22546,kevinkluge,1
22546,rjernst,1
22546,clintongormley,1
22543,bleskes,1
22543,dakrone,2
22541,mattweber,7
22541,jimczi,1
22541,mikemccand,2
22539,nik9000,2
22538,nik9000,1
22536,nik9000,2
22534,tbrooks8,4
22533,cbuescher,2
22532,clintongormley,1
22528,ywelsch,1
22527,ywelsch,1
22526,s1monw,2
22525,nik9000,2
22519,clintongormley,1
22515,s1monw,1
22514,nik9000,1
22512,imotov,2
22512,abeyad,4
22511,nik9000,2
22511,s1monw,1
22510,clintongormley,1
22509,ywelsch,1
22504,nik9000,2
22504,javanna,1
22503,mattweber,2
22503,pickypg,1
22503,mikemccand,2
22502,alexbrasetvik,1
22502,javanna,2
22502,jasontedor,4
22502,clintongormley,1
22502,s1monw,10
22501,uschindler,2
22501,s1monw,1
22501,mikemccand,3
22499,houcheng,4
22499,clintongormley,4
22498,ywelsch,2
22498,s1monw,1
22496,tlrx,1
22496,rjernst,1
22496,mikemccand,1
22492,nik9000,2
22492,s1monw,1
22491,nik9000,2
22489,nik9000,2
22488,nik9000,4
22487,karmi,2
22486,karmi,2
22486,s1monw,1
22484,jasontedor,12
22484,bleskes,3
22480,jdconrad,1
22479,rjernst,4
22479,dadoonet,2
22476,clintongormley,1
22469,s1monw,1
22469,gmoskovicz,1
22466,dadoonet,1
22465,scheras,2
22465,dadoonet,2
22464,dadoonet,1
22463,karmi,1
22462,dadoonet,1
22460,jasontedor,1
22460,rjernst,1
22458,jasontedor,3
22458,abeyad,5
22458,animageofmine,7
22458,clintongormley,1
22458,dadoonet,5
22457,jasontedor,1
22457,animageofmine,2
22456,jimczi,1
22452,duramen,1
22452,mozinrat,1
22452,ywelsch,1
22452,jasontedor,6
22452,dude0404,1
22451,nik9000,2
22450,dliappis,1
22450,clintongormley,1
22449,tylerfontaine,1
22449,jimczi,2
22445,javanna,1
22443,jasontedor,3
22442,jasontedor,4
22442,rjernst,1
22441,clintongormley,1
22441,sandeepkanabar,1
22439,clintongormley,2
22439,gskema,1
22437,javanna,2
22436,abeyad,3
22434,ywelsch,1
22433,abeyad,3
22432,jasontedor,1
22432,clintongormley,2
22431,colings86,3
22430,nik9000,2
22429,tlrx,1
22429,cbuescher,6
22426,melson-jao,1
22426,nik9000,1
22426,clintongormley,2
22425,nik9000,2
22420,nik9000,3
22413,mattweber,1
22413,jpountz,2
22413,s1monw,1
22413,mikemccand,1
22405,clintongormley,1
22403,cbuescher,1
22398,javanna,1
22397,nik9000,3
22393,nik9000,4
22393,clintongormley,1
22391,jpountz,1
22391,jimczi,2
22388,nik9000,3
22388,daver208,2
22387,nik9000,1
22387,javanna,5
22387,s1monw,3
22386,javanna,2
22386,jaymode,2
22377,tvernum,1
22377,rjernst,1
22377,clintongormley,1
22377,jimczi,1
22371,nik9000,3
22371,javanna,6
22370,clintongormley,1
22368,ndeitch,1
22368,javanna,1
22363,ywelsch,1
22363,jasontedor,1
22363,jpountz,1
22362,pbobruk,1
22351,jimczi,1
22345,clintongormley,1
22343,qwerty4030,15
22343,jpountz,1
22343,colings86,13
22343,elasticmachine,1
22342,nik9000,4
22337,byronvoorbach,3
22337,clintongormley,2
22337,jimczi,17
22337,Mpdreamz,2
22337,markharwood,1
22337,monotone,2
22337,jpountz,3
22336,imotov,1
22335,jaymode,4
22335,rjernst,7
22335,dadoonet,1
22334,jasontedor,2
22331,martijnvg,1
22327,makeyang,2
22327,bleskes,5
22325,ywelsch,2
22317,jasontedor,3
22314,nik9000,5
22314,javanna,1
22314,jasontedor,1
22314,s1monw,1
22313,abeyad,3
22311,nik9000,3
22310,dadoonet,1
22310,gameldar,1
22309,clintongormley,1
22309,cbuescher,1
22309,elasticmachine,1
22308,andyflatt,2
22308,dadoonet,2
22305,jasontedor,1
22300,dadoonet,3
22300,spinscale,2
22295,karmi,1
22295,gameldar,2
22295,dadoonet,1
22293,nik9000,2
22291,jasontedor,2
22289,nik9000,2
22288,talevy,12
22287,tbrooks8,3
22287,s1monw,1
22284,jasontedor,1
22283,javanna,1
22283,jasontedor,1
22281,colings86,3
22280,yuthura,1
22280,cbuescher,1
22280,ndimiduk,1
22277,bleskes,3
22274,scottsom,4
22274,jpountz,4
22274,s1monw,2
22274,clintongormley,1
22272,talevy,1
22268,abeyad,3
22267,imotov,1
22267,abeyad,7
22258,MaineC,1
22257,jimczi,1
22249,s1monw,1
22243,jasontedor,1
22241,s1monw,1
22240,XescuGC,4
22240,clintongormley,3
22239,jpountz,7
22239,colings86,1
22239,markharwood,14
22238,dimitris-athanasiou,1
22235,dadoonet,2
22234,danielmitterdorfer,2
22231,danielmitterdorfer,3
22231,clintongormley,1
22231,dadoonet,1
22229,tlrx,3
22229,cbuescher,1
22226,jasontedor,1
22226,rjernst,1
22224,ywelsch,1
22223,s1monw,1
22220,ywelsch,1
22220,bleskes,1
22219,clintongormley,1
22215,masaruh,2
22215,javanna,1
22215,clintongormley,1
22213,masaruh,1
22212,jasontedor,6
22208,pickypg,1
22206,Mpdreamz,1
22206,jdconrad,7
22206,clintongormley,2
22204,jasontedor,1
22203,areek,1
22201,Bargs,3
22201,jpountz,3
22200,danielmitterdorfer,5
22200,nik9000,2
22200,jasontedor,1
22200,clintongormley,2
22197,nik9000,2
22195,nik9000,3
22195,javanna,2
22195,bleskes,1
22194,s1monw,2
22194,bleskes,1
22192,MaineC,1
22192,cbuescher,1
22191,ggajos,1
22191,talevy,3
22188,tlrx,2
22187,nik9000,3
22187,iamjay,1
22186,s1monw,1
22185,bleskes,9
22184,jpountz,1
22183,rjernst,1
22182,abeyad,14
22182,clintongormley,1
22181,javanna,2
22181,jpountz,1
22179,talevy,1
22175,jasontedor,1
22175,rjernst,1
22174,Fairledger,1
22172,jimczi,1
22171,jpountz,3
22171,clintongormley,1
22171,jimczi,1
22168,tlrx,1
22166,clintongormley,1
22166,rjernst,1
22165,ywelsch,1
22161,nik9000,2
22161,jpountz,1
22161,dadoonet,3
22157,karmi,1
22157,xavierfacq,2
22154,clintongormley,1
22152,jasontedor,1
22150,jasontedor,1
22150,s1monw,1
22148,abeyad,3
22145,nik9000,4
22145,javanna,1
22144,lukas-vlcek,1
22144,jimczi,2
22144,jpountz,1
22144,dakrone,8
22143,tlrx,1
22141,jimczi,1
22135,jpountz,1
22134,abeyad,1
22134,ywelsch,2
22132,ChristianGruen,1
22132,yannlebel,2
22132,jasontedor,3
22132,rjernst,1
22131,clintongormley,1
22131,talevy,1
22130,nik9000,1
22130,javanna,1
22126,jasontedor,2
22115,markharwood,3
22115,jpountz,1
22110,s1monw,3
22110,dadoonet,2
22106,rjernst,1
22106,areek,2
22105,clintongormley,1
22104,russcam,3
22104,javanna,1
22104,clintongormley,1
22099,dadoonet,2
22098,dadoonet,1
22096,nik9000,2
22095,nik9000,3
22094,s1monw,2
22092,javanna,1
22090,jpountz,1
22090,dakrone,1
22088,javanna,1
22082,javanna,1
22081,danielmitterdorfer,1
22081,dakrone,2
22080,javanna,1
22080,cbuescher,4
22079,nik9000,2
22079,jasontedor,5
22079,rjernst,1
22079,dadoonet,17
22079,sergeytkachenko,1
22079,javanna,3
22079,clintongormley,1
22078,ywelsch,2
22076,javanna,2
22076,karmi,2
22076,artnowo,6
22076,s1monw,4
22073,nik9000,1
22073,danielmitterdorfer,3
22072,makeyang,2
22067,tlrx,3
22067,rjernst,1
22066,juanpaulo,1
22066,clintongormley,1
22065,bleskes,1
22062,nik9000,2
22061,nik9000,1
22061,javanna,1
22060,jasontedor,1
22059,imotov,1
22057,jasontedor,1
22054,jasontedor,1
22054,mikemccand,1
22051,markharwood,1
22049,ywelsch,2
22048,jpountz,2
22047,s1monw,2
22046,cbuescher,1
22045,nik9000,1
22045,clintongormley,1
22041,nik9000,6
22039,nik9000,2
22039,clintongormley,1
22038,jasontedor,1
22037,s1monw,4
22035,nik9000,1
22035,peterskim12,1
22034,nik9000,1
22032,clintongormley,1
22032,colings86,1
22031,abeyad,3
22030,rjernst,1
22030,spinscale,1
22028,dakrone,2
22026,MaineC,1
22025,javanna,2
22025,jasontedor,1
22025,clintongormley,1
22025,bleskes,6
22023,ywelsch,1
22022,cbuescher,1
22021,ywelsch,1
22020,clintongormley,1
22019,T1l3,1
22019,ywelsch,1
22019,clintongormley,1
22016,jasontedor,1
22015,javanna,1
22015,martijnvg,1
22015,rjernst,2
22012,ywelsch,1
22008,nik9000,1
22008,jaymode,3
22006,nik9000,2
22003,imotov,1
22003,nik9000,10
22003,rjernst,1
21998,ywelsch,1
21997,rjernst,1
21995,daonb,1
21995,clintongormley,2
21993,chaudum,2
21993,karmi,1
21993,clintongormley,1
21991,clintongormley,1
21989,nik9000,3
21989,javanna,1
21987,nik9000,2
21985,nik9000,4
21985,tlrx,2
21983,javanna,1
21983,cbuescher,1
21976,ywelsch,1
21975,MaineC,1
21975,cbuescher,2
21973,dliappis,1
21972,jpountz,1
21972,scampi,5
21971,makeyang,6
21971,mfeltscher,1
21971,nik9000,3
21971,clintongormley,1
21969,jasontedor,1
21969,WangJunTYTL,1
21964,danielmitterdorfer,1
21964,martijnvg,1
21964,areek,6
21964,bleskes,4
21963,abeyad,2
21961,dadoonet,1
21960,clintongormley,1
21959,shaie,2
21959,s1monw,3
21958,jvz,1
21956,alexshadow007,3
21956,dadoonet,3
21955,trajar,5
21955,jasontedor,5
21955,rjernst,2
21955,dadoonet,2
21955,elasticmachine,1
21954,likel,1
21954,javanna,1
21954,jasontedor,1
21953,cbuescher,1
21950,rjernst,1
21949,jasontedor,1
21949,rjernst,1
21947,nknize,2
21945,jdconrad,1
21944,jdconrad,2
21944,javanna,2
21941,nik9000,2
21940,jasontedor,2
21939,jaymode,1
21938,javanna,1
21937,javanna,2
21937,rjernst,2
21936,jasontedor,1
21936,jpountz,1
21934,jasontedor,2
21933,tlrx,1
21933,s1monw,1
21924,rjernst,1
21923,ngbrown,1
21922,shaie,1
21922,s1monw,4
21921,yannlebel,2
21921,jasontedor,4
21921,rjernst,1
21920,anhlqn,2
21920,jasontedor,3
21920,s1monw,1
21920,gmarz,1
21919,andreybratukhin,1
21919,synhershko,1
21919,jpountz,6
21919,jimczi,3
21918,cbuescher,1
21915,javanna,1
21915,rjernst,1
21915,s1monw,1
21915,jpountz,1
21914,rjernst,1
21914,s1monw,2
21914,jpountz,1
21912,ywelsch,3
21912,bleskes,1
21910,javanna,1
21910,s1monw,1
21909,likel,1
21909,karmi,1
21909,jpountz,1
21907,martijnvg,1
21905,s1monw,1
21899,corradomatt,2
21899,jasontedor,3
21899,Mechtecs,1
21899,tlrx,2
21899,timtierney,1
21899,clintongormley,1
21899,mlanner,2
21897,nelsonSchwarz,5
21897,nik9000,5
21896,nik9000,4
21896,atorres757,1
21895,javanna,5
21895,cbuescher,1
21894,jasontedor,1
21894,s1monw,1
21892,tlrx,1
21890,jasontedor,1
21889,sboyd,1
21889,jimczi,1
21879,spiegela,4
21879,jasontedor,7
21876,nik9000,3
21876,jasontedor,4
21876,clintongormley,1
21876,GlenRSmith,6
21874,jasontedor,3
21874,rjernst,1
21874,jpountz,1
21873,javanna,1
21869,clintongormley,1
21867,jasontedor,3
21866,mattweber,1
21866,jpountz,1
21865,tlrx,1
21861,jpountz,1
21860,clintongormley,1
21858,talevy,5
21857,javanna,1
21855,MaineC,1
21855,cbuescher,1
21852,javanna,1
21852,cbuescher,1
21851,javanna,2
21851,clintongormley,2
21850,clintongormley,1
21849,s1monw,3
21847,s1monw,1
21846,bleskes,4
21845,makeyang,2
21845,jasontedor,4
21845,jpountz,1
21840,jasontedor,1
21840,rjernst,1
21837,javanna,4
21837,s1monw,1
21836,mikemccand,2
21835,javanna,1
21831,dadoonet,1
21830,s1monw,11
21830,bleskes,2
21829,clintongormley,1
21828,s1monw,1
21827,s1monw,1
21826,rjernst,1
21821,jimczi,2
21819,clintongormley,1
21817,ywelsch,1
21817,bleskes,8
21815,clintongormley,1
21813,abeyad,2
21812,jasontedor,1
21811,karmi,1
21810,clintongormley,1
21809,clintongormley,2
21808,karmi,1
21808,dliappis,3
21808,vshank77,1
21808,clintongormley,1
21805,abeyad,2
21805,ywelsch,1
21803,ywelsch,2
21799,s1monw,5
21797,ywelsch,1
21797,jasontedor,1
21793,clintongormley,1
21793,cbuescher,1
21787,rjernst,1
21787,s1monw,1
21787,jpountz,1
21786,jpountz,1
21784,javanna,1
21781,clintongormley,1
21779,clintongormley,1
21779,adrinjalali,1
21778,MaineC,5
21778,rjernst,1
21778,cbuescher,3
21778,clintongormley,1
21776,jpountz,4
21773,nik9000,1
21773,ywelsch,1
21773,clintongormley,2
21773,rjernst,2
21771,abeyad,5
21770,imotov,2
21770,clintongormley,2
21767,nik9000,4
21765,nik9000,1
21765,jdconrad,3
21762,xy17,1
21762,nik9000,8
21762,rjernst,4
21760,jasontedor,1
21756,nik9000,2
21751,jasontedor,2
21748,tlrx,1
21748,s1monw,1
21743,jasontedor,2
21743,rjernst,1
21742,jasontedor,1
21741,nik9000,6
21741,javanna,1
21737,javanna,1
21737,rjernst,2
21737,dadoonet,3
21736,nik9000,5
21736,jasontedor,3
21736,adrinjalali,2
21735,jasontedor,1
21734,clintongormley,1
21731,clintongormley,2
21731,adrinjalali,1
21730,javanna,1
21729,clintongormley,2
21729,adrinjalali,1
21727,Erel2,1
21727,clintongormley,2
21723,nik9000,4
21723,s1monw,1
21721,jasontedor,2
21721,s1monw,3
21720,jasontedor,3
21718,tlrx,1
21716,jasontedor,5
21715,nik9000,5
21715,jdconrad,1
21715,s1monw,4
21709,gangakrishh,2
21709,jasontedor,1
21709,s1monw,5
21702,jasontedor,1
21702,clintongormley,1
21701,javanna,1
21700,clintongormley,1
21698,makeyang,6
21698,jasontedor,1
21698,clintongormley,1
21697,s1monw,2
21694,ywelsch,3
21694,s1monw,3
21691,abeyad,15
21690,clintongormley,1
21689,s1monw,1
21688,javanna,2
21687,javanna,2
21687,jpountz,1
21687,s1monw,1
21683,javanna,1
21682,clintongormley,1
21680,tlrx,1
21680,habdank,4
21680,s1monw,6
21680,jpountz,1
21677,clintongormley,1
21675,jdconrad,1
21673,jasontedor,1
21670,jpountz,3
21670,s1monw,2
21669,jasontedor,1
21667,clintongormley,1
21667,dakrone,1
21666,abeyad,2
21666,ywelsch,1
21666,bleskes,1
21663,dadoonet,1
21662,abeyad,2
21659,colings86,1
21656,abeyad,2
21656,ywelsch,7
21656,bleskes,1
21656,dakrone,1
21653,jasontedor,1
21652,clintongormley,1
21652,jpountz,1
21652,bczifra,1
21652,mikemccand,1
21651,cbuescher,1
21650,tlrx,1
21645,jimczi,1
21640,dakrone,1
21638,jpountz,1
21638,jimczi,1
21637,jasontedor,1
21637,dakrone,8
21635,nik9000,2
21635,jdconrad,6
21635,s1monw,2
21631,ywelsch,3
21631,bleskes,3
21630,jasontedor,4
21628,nik9000,2
21628,jpountz,2
21626,markharwood,7
21626,colings86,2
21626,jpountz,5
21623,jimczi,1
21621,nik9000,2
21621,bleskes,1
21621,jimczi,13
21621,intrafind,1
21621,javanna,4
21621,clintongormley,6
21621,lami02,1
21621,dsmiley,2
21616,jpountz,1
21609,jasontedor,1
21608,jasontedor,1
21608,danielmitterdorfer,1
21607,jdconrad,1
21606,nik9000,5
21604,clintongormley,2
21604,dadoonet,5
21604,jpountz,1
21601,dimitris-athanasiou,1
21599,jasontedor,2
21599,rjernst,1
21598,MaineC,1
21598,cbuescher,2
21597,jpountz,1
21597,dadoonet,2
21594,jasontedor,1
21594,dadoonet,1
21592,mikemccand,1
21591,martijnvg,1
21591,dadoonet,2
21590,nik9000,1
21590,tlrx,2
21590,s1monw,2
21588,clintongormley,1
21588,radu-gheorghe,1
21578,ywelsch,2
21578,jasontedor,1
21577,jasontedor,1
21576,jasontedor,1
21575,cbuescher,1
21573,jpountz,3
21573,clintongormley,1
21573,mikemccand,2
21571,nik9000,3
21571,bkarlovitz,1
21566,sundarv85,1
21566,jpountz,4
21566,s1monw,2
21566,synhershko,2
21563,s1monw,1
21562,tlrx,1
21562,nik9000,1
21562,s1monw,1
21561,nik9000,1
21561,jpountz,1
21556,tlrx,1
21556,nik9000,1
21556,rjernst,1
21556,s1monw,1
21555,dadoonet,1
21555,bleskes,1
21555,jpountz,1
21555,s1monw,1
21555,kmxillo,1
21554,nik9000,5
21554,jdconrad,2
21552,javanna,1
21552,areek,6
21552,bleskes,1
21551,dadoonet,1
21550,cbuescher,2
21549,jaymode,2
21546,chinmoydas1,1
21546,jasontedor,1
21543,tlrx,1
21543,s1monw,1
21543,droberts195,2
21540,ywelsch,2
21540,jasontedor,1
21540,rjernst,4
21540,s1monw,1
21539,s1monw,1
21538,s1monw,1
21538,bleskes,1
21533,tlrx,1
21531,nik9000,1
21531,Nomadzy,2
21531,clintongormley,1
21530,jpountz,1
21527,danielmitterdorfer,1
21525,yoonkh2000,3
21525,jasontedor,3
21519,jasontedor,3
21519,rjernst,1
21518,jasontedor,1
21517,mattweber,15
21517,jpountz,2
21517,clintongormley,1
21517,s1monw,2
21517,mikemccand,10
21515,abeyad,1
21512,clintongormley,2
21509,jasontedor,1
21508,jasontedor,1
21507,jasontedor,1
21506,nik9000,7
21506,jdconrad,5
21505,clintongormley,1
21505,ldubost,1
21504,jpountz,1
21504,dakrone,3
21498,ywelsch,1
21497,dliappis,2
21497,clintongormley,1
21494,nik9000,1
21494,jasontedor,2
21494,s1monw,4
21494,dimitris-athanasiou,5
21492,breml,2
21492,abeyad,1
21492,javanna,2
21492,clintongormley,1
21488,rjernst,2
21485,abeyad,3
21485,dakrone,1
21484,nik9000,3
21484,tianyayoucao,1
21484,umeshdangat,3
21482,ycombinator,1
21482,karmi,1
21481,spinscale,2
21481,jasontedor,1
21481,bleskes,1
21480,dakrone,1
21478,hujing101,1
21478,jasontedor,1
21478,rjernst,1
21477,jasontedor,1
21477,dadoonet,3
21476,jasontedor,2
21474,pickypg,2
21470,clintongormley,1
21470,bleskes,1
21469,abeyad,4
21468,tlrx,1
21468,rjernst,1
21467,javanna,1
21466,nik9000,1
21458,nik9000,3
21458,bleskes,6
21456,clintongormley,1
21451,dakrone,2
21447,abeyad,6
21445,jasontedor,1
21443,danielmitterdorfer,1
21443,rjernst,1
21441,javanna,2
21440,abeyad,1
21440,rjernst,1
21440,s1monw,1
21440,mikemccand,2
21440,evpapp,2
21440,clintongormley,1
21438,ywelsch,3
21438,bleskes,1
21431,thanhtien522,1
21431,javanna,1
21431,clintongormley,1
21430,areek,2
21427,MaineC,2
21427,cbuescher,1
21426,clintongormley,2
21426,mikemccand,1
21423,jasontedor,3
21423,clintongormley,2
21421,javanna,7
21417,markwalkom,1
21417,jasontedor,7
21417,NickCraver,3
21416,nik9000,1
21416,jasontedor,2
21416,clintongormley,2
21416,s1monw,1
21416,rjernst,4
21415,nik9000,2
21414,javanna,1
21414,rjernst,1
21413,talevy,2
21412,nik9000,2
21411,nik9000,2
21409,nik9000,3
21409,jasontedor,1
21408,MaineC,1
21408,cbuescher,1
21398,rjernst,2
21398,bleskes,1
21397,imotov,1
21393,masaruh,4
21393,javanna,2
21393,clintongormley,2
21392,seasonfif,1
21391,dadoonet,1
21389,jasontedor,1
21389,rjernst,1
21388,jasontedor,1
21384,clintongormley,1
21384,dakrone,1
21381,jasontedor,1
21381,rjernst,1
21380,jasontedor,1
21380,rjernst,1
21379,abeyad,2
21379,ywelsch,2
21379,bleskes,1
21378,nik9000,4
21378,javanna,3
21374,jdconrad,1
21374,clintongormley,1
21374,spinscale,1
21370,tlrx,3
21365,russcam,2
21365,rjernst,1
21365,javanna,1
21365,clintongormley,1
21365,elasticmachine,1
21364,russcam,2
21364,rjernst,1
21364,javanna,1
21364,clintongormley,2
21364,elasticmachine,1
21364,russcam,2
21364,rjernst,1
21364,javanna,1
21364,clintongormley,2
21364,elasticmachine,1
21361,newapplesho,1
21361,clintongormley,2
21360,ASRagab,1
21360,clintongormley,1
21360,dadoonet,1
21357,clintongormley,1
21353,clintongormley,1
21350,nik9000,2
21348,tlrx,4
21348,nik9000,1
21344,ywelsch,3
21343,jasontedor,3
21343,spinscale,1
21342,javanna,1
21342,jasontedor,2
21341,dakrone,4
21341,jpountz,2
21341,clintongormley,1
21340,abeyad,2
21340,ywelsch,1
21339,jasontedor,3
21339,rjernst,1
21336,pickypg,3
21333,nik9000,1
21333,ywelsch,1
21333,jasontedor,2
21333,clintongormley,1
21333,s1monw,1
21332,jasontedor,3
21332,s1monw,1
21330,javanna,1
21330,s1monw,2
21328,javanna,1
21328,s1monw,1
21327,cbuescher,1
21327,s1monw,1
21322,jdconrad,2
21321,jdconrad,6
21321,nik9000,6
21321,dadoonet,1
21319,nik9000,1
21319,javanna,3
21319,jasontedor,6
21319,xavierfacq,1
21311,pickypg,1
21310,MaineC,2
21310,cbuescher,2
21309,s1monw,2
21307,ywelsch,1
21306,bleskes,3
21305,jasontedor,1
21303,jpountz,1
21303,s1monw,4
21303,artnowo,1
21302,MaineC,1
21299,tlrx,1
21299,s1monw,1
21287,jpountz,1
21287,s1monw,1
21287,bleskes,1
21285,evertramos,3
21285,martijnvg,1
21285,dadoonet,2
21281,javanna,1
21281,gmarz,1
21280,nik9000,1
21280,javanna,1
21280,rjernst,1
21275,jasontedor,1
21273,cbuescher,3
21272,jasontedor,3
21272,cbuescher,5
21271,jasontedor,1
21270,jasontedor,2
21270,s1monw,5
21269,nik9000,1
21269,s1monw,6
21269,bleskes,3
21268,nik9000,3
21267,nik9000,1
21267,eskibars,1
21264,s1monw,1
21262,clintongormley,1
21261,YaSuenag,2
21261,jasontedor,3
21259,ywelsch,1
21259,bleskes,1
21256,ywelsch,1
21254,jasontedor,3
21254,bleskes,1
21253,jasontedor,1
21252,ppf2,4
21252,jasontedor,6
21251,nik9000,1
21251,javanna,1
21249,nik9000,1
21249,s1monw,1
21245,bleskes,4
21244,jasontedor,1
21243,nik9000,3
21243,martijnvg,4
21242,nik9000,3
21242,akdh,3
21240,javanna,1
21240,s1monw,1
21239,nik9000,4
21239,jdconrad,2
21237,nik9000,2
21234,nik9000,3
21234,ywelsch,4
21234,rjernst,3
21229,nik9000,2
21223,jasontedor,1
21222,nik9000,2
21222,messense,1
21220,jasontedor,1
21219,jasontedor,1
21218,alexshadow007,1
21218,clintongormley,1
21218,jpountz,1
21211,clintongormley,1
21207,jasontedor,1
21207,jpountz,1
21207,bleskes,3
21206,nik9000,3
21206,GlenRSmith,1
21205,bleskes,1
21204,nik9000,1
21204,jasontedor,4
21201,jasontedor,1
21201,s1monw,1
21200,jasontedor,1
21197,ywelsch,1
21196,nik9000,1
21196,jpountz,2
21196,s1monw,1
21196,bleskes,1
21190,dakrone,1
21189,s1monw,5
21189,bleskes,2
21180,nknize,1
21179,jdconrad,1
21178,abeyad,1
21178,nik9000,3
21176,nik9000,1
21176,johtani,1
21176,cbuescher,3
21176,jpountz,1
21175,jpountz,2
21175,johtani,1
21168,ghost,1
21168,dakrone,2
21165,imotov,1
21165,rjernst,1
21165,elasticmachine,1
21163,dakrone,1
21161,s1monw,1
21160,abeyad,1
21160,s1monw,1
21158,nik9000,1
21158,dadoonet,1
21157,abeyad,1
21157,rpayanm,1
21151,abeyad,2
21151,nik9000,1
21151,s1monw,1
21150,mikemccand,1
21146,MaineC,1
21146,cbuescher,1
21145,jasontedor,1
21144,robinst,1
21143,clintongormley,1
21136,jdconrad,2
21136,dadoonet,1
21136,s1monw,1
21133,jasontedor,1
21133,s1monw,2
21133,bleskes,2
21131,imotov,1
21131,ywelsch,2
21129,ywelsch,1
21124,jaymode,1
21124,s1monw,3
21124,dadoonet,1
21124,bleskes,2
21123,nik9000,1
21123,jasontedor,1
21123,abeyad,1
21120,nik9000,2
21120,nkwood,1
21117,nik9000,4
21117,tlrx,2
21113,nik9000,1
21113,markharwood,5
21113,brwe,5
21103,abeyad,6
21099,javanna,1
21099,jasontedor,1
21099,gmarz,1
21099,s1monw,1
21098,jasontedor,2
21098,clintongormley,2
21094,jasontedor,6
21094,s1monw,5
21092,ywelsch,4
21092,bleskes,2
21091,javanna,1
21091,elasticmachine,1
21085,abeyad,4
21085,shukla-praveen,1
21085,jasontedor,1
21084,abeyad,4
21084,ywelsch,1
21080,jdconrad,5
21080,nik9000,7
21079,dakrone,1
21078,dakrone,1
21077,Mpdreamz,1
21077,nik9000,1
21077,jasontedor,1
21070,nik9000,5
21069,nik9000,1
21068,abeyad,1
21068,jasontedor,1
21067,jasontedor,2
21067,MeiSign,1
21065,AliNield,1
21065,cbuescher,3
21063,tlrx,1
21063,jasontedor,2
21060,jpountz,1
21057,nik9000,2
21057,a2lin,7
21056,s1monw,1
21051,jasontedor,2
21049,jasontedor,1
21049,rjernst,5
21048,dadoonet,1
21047,jdconrad,2
21047,nik9000,1
21043,jpountz,1
21042,joehillen,1
21042,abeyad,1
21042,rjernst,4
21042,dadoonet,3
21037,jasontedor,1
21036,rjernst,2
21036,s1monw,1
21036,bleskes,1
21032,s1monw,1
21031,s1monw,1
21031,bleskes,1
21030,nik9000,1
21029,jasontedor,5
21029,s1monw,1
21028,javanna,4
21028,rjernst,4
21028,s1monw,1
21025,nik9000,2
21024,jasontedor,2
21023,s1monw,1
21020,javanna,2
21020,jasontedor,3
21019,clintongormley,2
21015,nik9000,1
21015,clintongormley,1
21015,elasticmachine,1
21013,TheSamsa,1
21013,mikemccand,1
21012,wenpos,1
21012,nik9000,2
21009,m9aertner,1
21009,nik9000,13
21009,clintongormley,2
21009,a2lin,6
21007,liweinan0423,3
21007,jasontedor,1
21007,s1monw,1
21007,bleskes,2
21004,nik9000,3
21004,dakrone,1
21002,nknize,4
21002,clintongormley,1
20995,dakrone,1
20994,imotov,1
20994,ywelsch,1
20993,javanna,1
20993,cbuescher,7
20991,liweinan0423,2
20991,nik9000,1
20991,karmi,1
20991,jasontedor,1
20990,acarstoiu,3
20990,javanna,1
20990,jpountz,4
20990,johtani,1
20990,elasticmachine,1
20986,bleskes,1
20982,talevy,1
20979,jpountz,2
20979,jimczi,4
20978,jpountz,1
20977,jpountz,1
20977,dakrone,1
20976,jasontedor,1
20976,clintongormley,1
20975,clintongormley,1
20975,dadoonet,1
20973,quinn,1
20973,clintongormley,2
20971,rjernst,1
20971,cbuescher,1
20970,wenpos,1
20970,jasontedor,2
20970,bleskes,1
20966,tlrx,3
20965,jimczi,1
20960,ywelsch,1
20960,s1monw,1
20960,bleskes,3
20956,jasontedor,1
20955,jasontedor,1
20953,karmi,2
20953,s1monw,1
20953,johtani,1
20950,jdconrad,1
20950,s1monw,1
20950,rjernst,1
20950,clintongormley,1
20950,jpountz,1
20948,nik9000,1
20948,cbuescher,3
20947,nik9000,1
20947,cbuescher,2
20940,tlrx,2
20940,jasontedor,1
20934,tlrx,2
20934,nik9000,1
20931,wenpos,1
20931,jasontedor,1
20929,wenpos,1
20929,jasontedor,1
20925,rjernst,1
20925,dadoonet,2
20925,jimczi,5
20925,dakrone,17
20925,clintongormley,4
20925,markharwood,1
20924,clintongormley,1
20921,nik9000,1
20921,dliappis,1
20921,jasontedor,4
20916,javanna,2
20916,colings86,1
20916,s1monw,3
20915,tlrx,1
20913,nik9000,1
20913,cbuescher,2
20913,s1monw,1
20910,nik9000,5
20909,nik9000,5
20909,javanna,2
20909,tlrx,3
20906,jasontedor,1
20904,nik9000,1
20904,jpountz,1
20904,johtani,3
20900,bleskes,1
20898,nik9000,3
20898,javanna,2
20898,dakrone,1
20896,nik9000,4
20896,jpcarey,1
20895,tlrx,1
20894,rjernst,1
20894,s1monw,1
20894,elasticmachine,1
20893,s1monw,2
20890,s1monw,2
20889,nik9000,1
20889,kaleemullah,2
20889,colings86,1
20889,GlenRSmith,1
20889,clintongormley,1
20887,jaymode,1
20883,nik9000,2
20883,robin13,1
20882,colings86,2
20882,dakrone,1
20881,tlrx,2
20881,nik9000,1
20881,jpountz,1
20874,mikemccand,1
20874,jasontedor,7
20874,jpountz,2
20874,s1monw,1
20874,bleskes,4
20873,cbuescher,2
20872,jasontedor,1
20872,rjernst,3
20871,nik9000,1
20871,tlrx,1
20864,nik9000,2
20863,bleskes,2
20861,abeyad,3
20861,rjernst,1
20861,s1monw,1
20860,brandonkearby,11
20860,nik9000,15
20860,karmi,1
20860,s1monw,1
20858,nik9000,2
20858,javanna,1
20858,tlrx,4
20857,jpountz,1
20857,s1monw,1
20852,wenpos,2
20852,rjernst,1
20852,elasticmachine,1
20844,russcam,2
20844,dakrone,1
20844,rjernst,1
20844,dadoonet,1
20844,elasticmachine,1
20843,dakrone,1
20838,tlrx,5
20838,clintongormley,1
20838,spinscale,3
20836,ywelsch,1
20835,rjernst,1
20835,s1monw,1
20832,nik9000,1
20832,jimczi,2
20829,jimczi,1
20827,bleskes,1
20821,clintongormley,1
20819,s1monw,4
20819,bleskes,4
20814,jpountz,2
20814,nomoa,2
20814,elasticmachine,2
20808,nik9000,1
20806,rjernst,2
20806,clintongormley,1
20806,dakrone,4
20805,dakrone,1
20801,s1monw,1
20800,s1monw,2
20800,colings86,2
20799,jpountz,1
20799,s1monw,1
20796,colings86,1
20796,s1monw,1
20796,dakrone,2
20793,abeyad,3
20791,areek,1
20791,bleskes,1
20788,nik9000,1
20786,jasontedor,2
20786,s1monw,2
20786,dakrone,1
20784,nik9000,2
20780,clintongormley,2
20778,nik9000,2
20778,jpountz,1
20778,s1monw,1
20776,clintongormley,1
20775,bleskes,2
20771,nik9000,11
20771,javanna,1
20771,s1monw,3
20770,s1monw,1
20767,imotov,1
20767,nik9000,12
20767,dakrone,1
20766,jdconrad,1
20766,nik9000,1
20766,rjernst,1
20766,s1monw,1
20761,jasontedor,2
20759,jasontedor,2
20758,jasontedor,2
20756,jasontedor,2
20753,jasontedor,1
20749,nik9000,3
20749,dliappis,2
20747,jasontedor,2
20746,abeyad,3
20745,jasontedor,1
20743,javanna,1
20742,abeyad,1
20741,ywelsch,2
20741,bleskes,2
20738,jpountz,1
20738,colings86,1
20737,nik9000,2
20737,robin13,1
20736,nik9000,1
20736,jbaiera,1
20736,jpountz,2
20735,markharwood,1
20735,jpountz,1
20734,nik9000,3
20731,ywelsch,1
20730,bleskes,1
20726,javanna,1
20724,abeyad,2
20722,nik9000,1
20722,jasontedor,1
20720,bleskes,3
20717,polyfractal,1
20717,nik9000,2
20712,epixa,3
20712,tlrx,1
20712,javanna,7
20709,javanna,1
20709,s1monw,2
20708,bleskes,1
20706,javanna,1
20704,javanna,1
20704,johtani,6
20701,clintongormley,1
20696,tlrx,1
20696,s1monw,2
20695,nik9000,1
20695,s1monw,3
20689,karmi,1
20689,dadoonet,6
20689,debarshiraha,6
20687,bleskes,2
20686,johtani,1
20685,pickypg,2
20685,danielmitterdorfer,1
20685,dadoonet,2
20682,pickypg,2
20682,jasontedor,1
20682,jpountz,2
20682,s1monw,2
20682,dakrone,1
20680,dakrone,1
20674,jasontedor,1
20673,nik9000,1
20673,cbuescher,1
20669,gmoskovicz,1
20666,thomasneirynck,1
20666,karmi,1
20666,jpountz,3
20666,epixa,1
20666,clintongormley,1
20666,sstults,6
20666,nknize,1
20661,abeyad,1
20660,nik9000,1
20660,jasontedor,1
20659,tlrx,1
20659,qwerty4030,1
20659,clintongormley,1
20658,nik9000,6
20658,a2lin,5
20654,bohyun-e,1
20644,jsieler,1
20644,epixa,1
20644,clintongormley,2
20643,cbuescher,2
20642,abeyad,2
20638,bleskes,1
20637,abeyad,1
20637,ywelsch,1
20637,bleskes,4
20634,abeyad,8
20632,jasontedor,1
20632,shachr,1
20632,s1monw,2
20632,bleskes,1
20630,clintongormley,1
20630,elasticmachine,1
20628,nik9000,2
20628,russcam,2
20628,clintongormley,2
20628,rjernst,1
20628,elasticmachine,1
20627,nik9000,2
20627,s1monw,4
20626,abeyad,2
20623,jdconrad,2
20623,clintongormley,1
20622,jasontedor,1
20621,nik9000,1
20621,jdconrad,1
20620,jasontedor,1
20617,nik9000,2
20617,s1monw,1
20616,talevy,1
20614,martijnvg,1
20613,martijnvg,1
20613,talevy,1
20612,ywelsch,1
20609,jpountz,1
20608,ywelsch,1
20605,clintongormley,1
20604,clintongormley,1
20603,clintongormley,1
20603,s1monw,2
20601,jasontedor,4
20600,MaineC,1
20600,cbuescher,1
20598,bleskes,1
20597,s1monw,1
20597,bleskes,1
20596,jpountz,1
20596,s1monw,2
20594,hemant19cse,1
20594,s1monw,1
20591,nik9000,2
20589,s1monw,1
20589,bleskes,2
20588,jpountz,1
20588,dakrone,2
20585,jasontedor,1
20583,s1monw,1
20582,jpountz,4
20582,clintongormley,2
20582,rjernst,1
20576,nik9000,2
20576,jpountz,2
20576,clintongormley,1
20575,jaymode,2
20575,jasontedor,1
20574,nik9000,1
20574,rjernst,1
20574,clintongormley,1
20573,tlrx,1
20573,javanna,1
20573,nik9000,1
20573,s1monw,1
20571,jasontedor,1
20571,mikemccand,1
20568,jjlin12,2
20568,jasontedor,3
20567,dadoonet,1
20566,s1monw,2
20565,s1monw,1
20562,nik9000,1
20560,tlrx,1
20558,jasontedor,3
20557,tlrx,3
20556,dakrone,1
20556,martijnvg,1
20556,clintongormley,1
20556,elasticmachine,1
20553,jasontedor,2
20553,dadoonet,1
20553,bleskes,2
20550,tlrx,6
20550,jpountz,2
20550,s1monw,2
20550,clintongormley,1
20547,jasontedor,1
20546,s1monw,3
20546,mikemccand,1
20545,tlrx,3
20545,a2lin,1
20545,clintongormley,1
20545,s1monw,2
20538,bleskes,1
20535,nik9000,1
20535,jasontedor,2
20534,jasontedor,1
20533,jasontedor,1
20533,s1monw,1
20532,abeyad,2
20531,ppf2,1
20531,abeyad,2
20530,bleskes,1
20530,jasontedor,1
20530,s1monw,2
20530,dakrone,5
20527,nik9000,1
20526,s1monw,2
20524,nik9000,1
20524,tlrx,3
20522,jimczi,1
20521,javanna,2
20520,tlrx,1
20515,areek,1
20515,s1monw,1
20514,rjernst,1
20514,s1monw,3
20511,pbusquemdf,2
20511,jasontedor,4
20511,s1monw,3
20511,mingfang,3
20511,mgjadoul,1
20511,pickypg,2
20511,clintongormley,4
20511,wimvanleuven,3
20511,moritzzimmer,1
20511,XANi,2
20511,cwurm,1
20511,termie,1
20511,ozlevka,3
20505,rjernst,1
20505,s1monw,1
20503,nik9000,1
20503,clintongormley,1
20497,MaineC,4
20497,clintongormley,2
20497,cbuescher,5
20496,Mpdreamz,3
20496,clintongormley,1
20496,dakrone,1
20493,abeyad,1
20493,jasontedor,2
20493,dakrone,1
20492,abeyad,5
20492,jasontedor,1
20492,bleskes,1
20491,dakrone,2
20490,ywelsch,1
20490,jasontedor,1
20490,dakrone,1
20489,nik9000,1
20489,dakrone,1
20488,areek,1
20487,abeyad,1
20484,jasontedor,1
20481,nik9000,1
20481,javanna,1
20481,jasontedor,1
20481,tlrx,1
20477,clintongormley,1
20477,tobigue,1
20476,javanna,1
20476,jasontedor,3
20475,nik9000,1
20475,jasontedor,1
20474,nik9000,1
20474,s1monw,1
20474,bleskes,1
20473,jimczi,1
20472,javanna,1
20471,clintongormley,1
20471,jimczi,1
20469,javanna,3
20469,s1monw,3
20469,bleskes,1
20468,javanna,1
20468,bleskes,1
20463,abeyad,1
20463,jasontedor,2
20462,abeyad,3
20462,dakrone,1
20461,nik9000,1
20461,clintongormley,1
20460,nik9000,1
20457,abeyad,2
20457,jasontedor,4
20456,nik9000,1
20456,s1monw,1
20455,imotov,2
20455,talevy,1
20453,tlrx,1
20453,nik9000,1
20452,nik9000,1
20452,tlrx,1
20451,s1monw,1
20448,nik9000,2
20448,tlrx,3
20445,javanna,1
20445,bleskes,1
20443,s1monw,1
20443,bleskes,2
20442,MaineC,1
20442,cbuescher,1
20437,s1monw,1
20435,nik9000,5
20435,clintongormley,2
20435,areek,3
20434,abeyad,5
20434,javanna,1
20434,dakrone,4
20433,abeyad,1
20433,dakrone,1
20432,imotov,1
20432,nik9000,3
20431,abeyad,1
20429,jasontedor,1
20429,bleskes,2
20427,nik9000,5
20427,jdconrad,3
20425,tlrx,1
20425,jasontedor,1
20424,tlrx,1
20424,javanna,1
20424,s1monw,1
20423,nik9000,1
20423,rjernst,1
20422,tlrx,1
20422,jasontedor,1
20421,rdx1subhankar,1
20421,jasontedor,3
20421,radu-gheorghe,2
20420,nik9000,1
20420,jasontedor,2
20420,bleskes,1
20419,MaineC,1
20419,cbuescher,2
20418,jimczi,1
20416,dakrone,1
20415,clintongormley,2
20415,dadoonet,2
20412,brwe,3
20412,s1monw,3
20412,jimczi,3
20411,s1monw,2
20411,bleskes,1
20409,abeyad,6
20409,s1monw,1
20409,bleskes,2
20407,pickypg,2
20407,clintongormley,1
20406,nik9000,1
20406,jasontedor,1
20405,imotov,2
20405,nik9000,2
20405,jpountz,1
20404,jasontedor,2
20404,rjernst,1
20403,nik9000,1
20403,rjernst,3
20402,nik9000,4
20402,dadoonet,1
20400,s1monw,1
20400,benzitohhh,1
20399,tlrx,1
20396,nik9000,2
20396,johtani,5
20395,clintongormley,2
20395,yevhen,1
20394,abeyad,8
20394,dadoonet,2
20394,bleskes,2
20393,javanna,2
20393,jasontedor,1
20389,abeyad,2
20389,jaymode,2
20389,jasontedor,5
20388,dakrone,1
20387,jaymode,1
20387,jasontedor,3
20386,nik9000,1
20386,jasontedor,1
20385,jasontedor,1
20385,jimczi,2
20384,makeyang,6
20384,jasontedor,2
20384,bleskes,7
20383,jimczi,1
20383,s1monw,1
20383,mikemccand,1
20382,nik9000,3
20382,javanna,6
20382,colings86,2
20382,brwe,1
20378,jasontedor,1
20377,jasontedor,1
20377,s1monw,2
20377,dakrone,3
20374,MaineC,4
20374,martijnvg,2
20374,rjernst,1
20373,javanna,2
20373,clintongormley,1
20368,MaineC,1
20362,nik9000,1
20360,rjernst,1
20360,s1monw,1
20356,martijnvg,1
20353,tlrx,1
20353,pickypg,1
20351,nik9000,5
20351,antonisppn,1
20350,martijnvg,1
20349,abeyad,1
20349,dakrone,1
20348,jasontedor,2
20348,bleskes,3
20347,abeyad,3
20347,dakrone,2
20346,jasontedor,1
20346,softwaredoug,1
20346,s1monw,4
20344,nik9000,4
20344,tlrx,4
20343,pickypg,2
20343,martijnvg,1
20343,talevy,2
20341,nik9000,3
20341,jasontedor,1
20341,dadoonet,1
20340,clintongormley,1
20340,martijnvg,1
20340,talevy,4
20340,dadoonet,4
20340,s1monw,2
20339,rpedela,1
20339,elasticmachine,1
20339,rjernst,1
20339,s1monw,1
20339,jimczi,2
20338,jasontedor,1
20338,bleskes,1
20337,jasontedor,1
20336,nik9000,1
20336,jasontedor,3
20335,jasontedor,1
20335,s1monw,1
20335,colings86,1
20334,jasontedor,2
20332,jasontedor,1
20332,dadoonet,1
20331,nik9000,1
20331,johtani,1
20331,dadoonet,1
20329,abeyad,1
20328,abeyad,1
20328,jasontedor,1
20327,nik9000,1
20324,bleskes,1
20320,jasontedor,1
20320,s1monw,4
20320,bleskes,3
20317,loekvangool,1
20317,clintongormley,1
20317,dadoonet,2
20316,javanna,1
20315,nknize,3
20315,clintongormley,1
20315,s1monw,2
20315,mikemccand,5
20313,ppf2,3
20313,jasontedor,3
20313,dadoonet,1
20312,nik9000,1
20311,nik9000,1
20310,martijnvg,1
20310,s1monw,3
20309,jaymode,1
20309,jasontedor,1
20307,jdconrad,1
20307,s1monw,1
20306,abeyad,1
20306,s1monw,1
20305,Mpdreamz,1
20305,clintongormley,1
20305,areek,3
20303,MaineC,1
20303,cbuescher,2
20300,bleskes,1
20299,masaruh,1
20299,jpountz,2
20297,nik9000,1
20292,russcam,1
20292,dakrone,2
20292,jpountz,1
20292,elasticmachine,1
20291,nik9000,1
20290,abeyad,2
20290,bleskes,2
20288,nik9000,2
20288,javanna,1
20287,nik9000,1
20287,jasontedor,1
20285,nik9000,1
20285,johtani,1
20284,nik9000,1
20284,jasontedor,1
20284,colings86,1
20280,jpountz,3
20280,s1monw,2
20278,dakrone,1
20276,dakrone,1
20274,martijnvg,1
20274,jpountz,2
20271,jasontedor,1
20271,rjernst,1
20270,tlrx,2
20270,nik9000,2
20269,stianl,1
20269,jasontedor,3
20267,clintongormley,1
20265,jaymode,1
20265,jasontedor,1
20261,nik9000,2
20260,nik9000,1
20260,jasontedor,1
20258,abeyad,1
20258,nik9000,1
20256,imotov,2
20256,jasontedor,2
20256,rjernst,2
20255,tlrx,2
20255,javanna,4
20254,nik9000,1
20254,jasontedor,2
20254,clintongormley,1
20253,jasontedor,1
20253,s1monw,1
20252,jasontedor,1
20251,tlrx,1
20251,jasontedor,1
20249,jaymode,1
20249,jasontedor,1
20244,dmitry,1
20244,jdconrad,3
20244,pickypg,2
20244,nik9000,3
20242,gibrown,1
20242,clintongormley,1
20239,nik9000,1
20235,nik9000,3
20235,pickypg,2
20235,jasontedor,4
20235,rjernst,2
20235,s1monw,1
20234,tlrx,2
20233,rjernst,1
20230,tlrx,1
20230,martijnvg,4
20230,jpountz,1
20230,rjernst,2
20229,dakrone,1
20223,abeyad,4
20223,niemyjski,2
20223,bleskes,1
20223,nik9000,2
20223,clintongormley,1
20222,abeyad,2
20222,jasontedor,1
20221,nik9000,5
20221,clintongormley,1
20220,abeyad,2
20220,s1monw,1
20220,mikemccand,1
20219,nik9000,3
20219,jasontedor,1
20219,tlrx,1
20217,pickypg,1
20217,javanna,2
20215,imotov,7
20215,rjernst,5
20215,s1monw,1
20213,nik9000,2
20213,jdconrad,1
20213,jimczi,3
20211,bleskes,4
20211,s1monw,3
20211,mikemccand,3
20208,jpountz,3
20208,jimczi,2
20207,tlrx,1
20207,jasontedor,1
20206,clintongormley,3
20206,a2lin,3
20206,s1monw,2
20205,nik9000,1
20203,abeyad,2
20203,pickypg,1
20200,nik9000,1
20200,dakrone,1
20197,imotov,2
20197,jpountz,3
20196,nik9000,1
20196,jasontedor,1
20196,jpountz,2
20194,martijnvg,1
20194,talevy,1
20190,pickypg,3
20190,javanna,3
20190,jfiore-ibm,2
20189,pickypg,1
20188,javanna,2
20188,clintongormley,1
20187,pickypg,1
20187,javanna,1
20187,clintongormley,1
20186,abeyad,3
20186,clintongormley,2
20186,gmarz,2
20185,nik9000,1
20185,abeyad,1
20184,abeyad,2
20184,nik9000,11
20184,martijnvg,3
20184,clintongormley,1
20183,nik9000,1
20181,Geesu,2
20181,nik9000,5
20177,nik9000,5
20177,jpountz,2
20177,clintongormley,1
20172,tlrx,1
20172,javanna,2
20172,pickypg,2
20170,pickypg,2
20170,jasontedor,2
20169,pickypg,1
20169,clintongormley,1
20169,areek,2
20167,dakrone,1
20166,nik9000,3
20166,jpountz,3
20166,clintongormley,2
20166,jimczi,6
20158,jpountz,1
20158,jimczi,1
20157,jasontedor,1
20157,clintongormley,1
20157,takezoe,1
20156,colings86,2
20156,jimczi,2
20153,clintongormley,1
20152,clintongormley,1
20152,patrickeasters,1
20151,pickypg,2
20151,javanna,3
20147,jpountz,2
20147,s1monw,2
20147,mikemccand,2
20146,jdconrad,2
20146,s1monw,1
20145,nik9000,4
20145,jpountz,3
20145,s1monw,4
20144,pickypg,1
20144,jasontedor,1
20142,clintongormley,1
20140,MaineC,4
20140,cbuescher,3
20136,talevy,1
20134,nik9000,1
20132,jpountz,1
20132,dakrone,1
20128,martijnvg,1
20128,talevy,2
20127,jasontedor,1
20127,dakrone,1
20125,clintongormley,1
20124,tlrx,1
20124,jasontedor,2
20124,rjernst,3
20124,colings86,4
20124,clintongormley,2
20123,jpountz,1
20123,s1monw,1
20120,clintongormley,1
20119,rjernst,1
20119,jpountz,1
20117,jasontedor,1
20117,danielmitterdorfer,4
20116,TwP,1
20116,aleph-zero,1
20116,rmuir,2
20116,jpountz,3
20116,jimczi,1
20115,jpountz,2
20112,javanna,1
20112,dakrone,1
20109,areek,2
20109,bleskes,2
20104,jpountz,1
20104,s1monw,1
20103,danielmitterdorfer,4
20103,rjernst,2
20102,nik9000,2
20102,jpountz,4
20102,s1monw,6
20102,mikemccand,1
20102,ismael-hasan,3
20102,clintongormley,1
20102,tylerfontaine,1
20100,tlrx,3
20100,javanna,1
20100,nik9000,2
20096,jpountz,1
20096,jimczi,1
20095,jpountz,2
20095,s1monw,3
20095,mikemccand,1
20094,abeyad,1
20094,jpountz,1
20093,nik9000,4
20093,qwerty4030,1
20093,s1monw,2
20088,clintongormley,1
20085,epixa,2
20085,rjernst,1
20085,s1monw,1
20085,dakrone,4
20083,nik9000,1
20083,jasontedor,1
20082,jasontedor,1
20082,dakrone,1
20081,chengpohi,2
20081,nik9000,7
20080,nik9000,1
20080,jasontedor,2
20080,abeyad,2
20078,martijnvg,5
20078,rjernst,3
20078,talevy,7
20078,clintongormley,5
20077,clintongormley,2
20075,abeyad,1
20075,ywelsch,1
20074,tlrx,1
20074,clintongormley,1
20073,jpountz,1
20072,jpountz,1
20071,dakrone,1
20070,clintongormley,1
20066,nik9000,2
20066,abeyad,2
20063,pickypg,5
20063,elasticmachine,1
20063,clintongormley,1
20063,dakrone,2
20061,MaineC,1
20061,cbuescher,1
20057,clintongormley,1
20055,nik9000,2
20055,jpountz,1
20053,martijnvg,2
20053,talevy,3
20051,jimczi,1
20046,masaruh,2
20046,s1monw,1
20042,jpountz,2
20041,jpountz,1
20040,dakrone,1
20036,pickypg,1
20036,jaymode,1
20035,ywelsch,1
20035,pickypg,3
20035,jasontedor,4
20035,jpountz,1
20035,s1monw,1
20034,ywelsch,1
20033,abeyad,1
20032,nknize,3
20032,jpountz,2
20030,jpountz,2
20030,nknize,1
20029,nik9000,1
20029,jasontedor,1
20028,rjernst,1
20026,jpountz,5
20026,clintongormley,1
20026,jimczi,5
20024,nik9000,2
20023,abeyad,2
20023,ywelsch,2
20023,dakrone,2
20018,ywelsch,1
20017,rmuir,1
20017,rjernst,1
20017,s1monw,2
20017,jdconrad,6
20017,djschny,3
20017,clintongormley,2
20017,dakrone,1
20013,dhondo01,1
20013,dakrone,2
20011,tlrx,3
20011,abeyad,1
20011,dakrone,1
20002,rjernst,1
20001,nik9000,2
20001,clintongormley,1
20000,nik9000,1
20000,dadoonet,1
19997,nik9000,6
19997,abeyad,1
19996,abeyad,1
19994,abeyad,1
19994,rjernst,1
19993,nik9000,1
19993,jpountz,1
19992,ywelsch,2
19992,dakrone,2
19991,dakrone,1
19991,mikemccand,1
19990,clintongormley,1
19989,nik9000,3
19989,jasontedor,4
19989,rmuir,3
19989,rjernst,1
19984,nik9000,2
19982,nik9000,1
19981,martijnvg,1
19977,nik9000,3
19977,javanna,3
19976,clintongormley,1
19976,dakrone,1
19975,s1monw,4
19975,mikemccand,4
19973,abeyad,1
19972,javanna,2
19972,jpountz,1
19972,jimczi,2
19969,areek,1
19964,nik9000,2
19964,rjernst,1
19964,jasontedor,2
19964,rmuir,2
19964,mikemccand,2
19962,pickypg,1
19962,jasontedor,2
19962,rjernst,7
19962,areek,6
19961,nik9000,1
19959,areek,2
19958,nik9000,3
19958,jasontedor,1
19958,rmuir,3
19958,dakrone,1
19953,nik9000,1
19953,javanna,1
19951,jasontedor,1
19951,dakrone,1
19949,ywelsch,2
19949,jimczi,2
19947,clintongormley,1
19945,jpountz,1
19944,jpountz,1
19944,jimczi,1
19937,derjohn,1
19937,jpountz,1
19937,clintongormley,1
19937,rjernst,1
19936,jdconrad,1
19936,rmuir,1
19935,nik9000,2
19935,talevy,1
19934,nik9000,2
19934,clintongormley,3
19933,nik9000,1
19933,jpountz,1
19932,ichernev,4
19932,jasontedor,5
19929,nik9000,3
19929,johtani,1
19927,nik9000,1
19926,nik9000,1
19925,nik9000,1
19925,dadoonet,1
19923,rmuir,1
19923,dakrone,1
19921,jasontedor,1
19921,jpountz,1
19920,javanna,1
19920,cbuescher,1
19919,nik9000,1
19919,jasontedor,2
19919,rjernst,1
19918,nik9000,2
19918,javanna,3
19918,jpountz,2
19918,jimczi,7
19917,MaineC,2
19917,cbuescher,1
19916,dadoonet,1
19915,nik9000,2
19915,talevy,1
19914,javanna,1
19914,cbuescher,1
19911,jasontedor,1
19911,dakrone,1
19910,clintongormley,1
19908,tlrx,1
19908,jasontedor,1
19907,nik9000,3
19906,javanna,2
19906,cbuescher,2
19904,tlrx,2
19904,jasontedor,2
19904,rmuir,1
19902,abeyad,1
19899,jpountz,2
19890,nik9000,1
19890,abeyad,1
19886,nik9000,3
19886,FuadEfendi,1
19884,clintongormley,2
19884,lu3do,2
19882,markwalkom,2
19882,jasontedor,2
19882,clintongormley,1
19881,jasontedor,1
19881,rjernst,1
19880,jasontedor,2
19880,clintongormley,1
19877,nik9000,1
19877,areek,1
19877,jimczi,1
19876,nik9000,2
19874,abeyad,3
19874,jasontedor,3
19873,jasontedor,1
19872,abeyad,3
19872,jasontedor,3
19871,tlrx,2
19871,javanna,2
19870,ywelsch,1
19870,dakrone,2
19867,rmuir,2
19867,jpountz,3
19867,rjernst,1
19867,mikemccand,4
19865,tlrx,3
19865,clintongormley,1
19865,s1monw,2
19864,tlrx,1
19864,javanna,2
19864,cbuescher,3
19860,jpountz,6
19860,johtani,6
19859,MaineC,1
19859,cbuescher,2
19856,rjernst,1
19856,jpountz,3
19856,elasticmachine,1
19855,jpountz,1
19855,cbuescher,1
19853,imotov,1
19851,qwerty4030,1
19851,clintongormley,1
19851,colings86,1
19847,abeyad,1
19846,jpountz,2
19846,clintongormley,3
19846,nknize,2
19845,abeyad,1
19845,jasontedor,1
19840,nik9000,1
19840,jasontedor,1
19839,nik9000,4
19839,rjernst,2
19837,jasontedor,1
19831,abeyad,1
19831,nik9000,1
19825,nik9000,1
19825,javanna,1
19825,cbuescher,2
19825,s1monw,1
19824,jasontedor,1
19824,jpountz,1
19819,jasontedor,2
19819,s1monw,1
19817,nicomak,3
19817,clintongormley,2
19817,dakrone,2
19816,imotov,1
19816,clintongormley,1
19816,johtani,1
19811,abeyad,7
19811,ywelsch,3
19810,dakrone,1
19808,nik9000,2
19808,javanna,1
19807,nik9000,3
19807,jasontedor,2
19803,nik9000,1
19803,jasontedor,1
19803,s1monw,1
19803,spinscale,1
19801,MaineC,5
19801,nik9000,1
19801,cbuescher,2
19797,mikemccand,2
19797,s1monw,1
19797,bleskes,2
19796,elasticmachine,1
19793,nik9000,5
19793,javanna,2
19793,pickypg,1
19791,tlrx,1
19791,jpountz,1
19790,nik9000,2
19790,rjernst,1
19788,clintongormley,1
19788,yaauie,1
19788,elasticmachine,1
19786,Scottmitch,3
19786,jasontedor,3
19786,s1monw,1
19786,dakrone,1
19783,rjernst,1
19783,clintongormley,1
19783,nknize,2
19781,jpountz,1
19777,dakrone,1
19776,jpountz,3
19776,colings86,1
19776,rjernst,1
19773,tlrx,1
19773,nik9000,7
19773,dadoonet,9
19773,s1monw,1
19770,jpountz,1
19767,abeyad,1
19766,dakrone,1
19766,elasticmachine,1
19765,rjernst,1
19765,jpountz,1
19764,javanna,1
19762,abeyad,1
19762,dakrone,1
19761,nik9000,1
19761,javanna,1
19761,rjernst,1
19761,s1monw,1
19760,abeyad,1
19760,dakrone,1
19759,abeyad,1
19759,nik9000,1
19759,dakrone,1
19758,jpountz,1
19754,dliappis,1
19754,dakrone,1
19751,abeyad,3
19751,tlrx,2
19750,tlrx,1
19750,javanna,2
19750,rjernst,2
19750,clintongormley,1
19749,abeyad,1
19749,dadoonet,1
19748,nik9000,1
19748,jasontedor,2
19748,dakrone,1
19743,ywelsch,2
19743,bleskes,1
19738,abeyad,1
19738,brwe,1
19736,javanna,1
19736,danielmitterdorfer,1
19734,jasontedor,1
19731,tlrx,1
19731,abeyad,1
19729,s1monw,1
19727,abeyad,1
19727,dadoonet,1
19725,marylicanin,1
19725,dakrone,2
19725,elasticmachine,1
19721,nik9000,2
19721,jasontedor,1
19719,tlrx,4
19719,clintongormley,1
19719,bleskes,2
19718,MaineC,1
19718,nik9000,2
19717,nik9000,4
19717,rmuir,3
19715,ywelsch,4
19715,bleskes,4
19712,danielmitterdorfer,1
19712,s1monw,2
19710,JordyMoos,1
19710,javanna,1
19710,karmi,3
19710,wulftone,1
19710,jasontedor,1
19710,elasticmachine,3
19710,clintongormley,1
19710,JnBrymn-EB,2
19706,abeyad,2
19705,jasontedor,1
19705,bleskes,1
19704,nik9000,5
19704,a2lin,2
19704,elasticmachine,1
19703,jasontedor,1
19702,nik9000,2
19702,cbuescher,1
19701,chengpohi,1
19701,nik9000,4
19701,elasticmachine,1
19700,jpountz,1
19699,nik9000,1
19699,jpountz,1
19698,nik9000,4
19698,cbuescher,1
19696,nik9000,3
19696,rjernst,1
19694,nik9000,3
19694,clintongormley,2
19694,dakrone,4
19693,nik9000,3
19693,dakrone,1
19689,nik9000,1
19689,jasontedor,1
19688,tlrx,1
19688,javanna,1
19687,javanna,1
19687,clintongormley,1
19686,MaineC,1
19686,cbuescher,2
19685,talevy,1
19684,imotov,1
19684,mikemccand,2
19684,s1monw,2
19684,bleskes,2
19682,nik9000,1
19682,Chintanvpatel,1
19682,elasticmachine,1
19681,elasticmachine,1
19677,jasontedor,2
19677,danielmitterdorfer,5
19677,s1monw,1
19677,bleskes,1
19676,javanna,1
19675,danielmitterdorfer,4
19675,bleskes,2
19674,javanna,1
19673,elasticmachine,1
19672,nik9000,7
19672,javanna,2
19672,rjernst,2
19669,nik9000,1
19669,bleskes,1
19668,nik9000,2
19668,elasticmachine,1
19667,nik9000,8
19667,rjernst,3
19666,abeyad,5
19666,ywelsch,1
19665,javanna,4
19665,cbuescher,2
19659,jpountz,1
19659,jimczi,1
19655,tlrx,2
19655,javanna,1
19653,nik9000,2
19653,javanna,1
19652,javanna,1
19652,clintongormley,1
19652,elasticmachine,1
19650,martijnvg,1
19649,dadoonet,1
19648,MaineC,3
19648,cbuescher,3
19647,MaineC,2
19645,nik9000,12
19645,clintongormley,1
19645,a2lin,5
19645,elasticmachine,1
19640,nik9000,3
19640,javanna,1
19639,nik9000,2
19639,javanna,1
19638,nik9000,1
19637,dakrone,1
19636,nik9000,4
19636,javanna,2
19633,clintongormley,1
19628,nik9000,1
19628,elasticmachine,1
19627,nik9000,2
19627,dakrone,3
19627,elasticmachine,1
19626,abeyad,1
19626,rjernst,2
19626,clintongormley,1
19626,brwe,2
19623,cbuescher,1
19621,tlrx,5
19621,nik9000,4
19618,nik9000,3
19618,javanna,2
19618,clintongormley,1
19616,martijnvg,1
19616,jpountz,1
19616,HonzaKral,1
19612,abeyad,1
19612,dakrone,1
19610,ywelsch,1
19610,dadoonet,1
19609,talevy,1
19608,nik9000,1
19608,clintongormley,1
19608,elasticmachine,1
19607,nik9000,2
19606,nik9000,1
19606,elasticmachine,1
19605,nik9000,1
19605,elasticmachine,1
19604,nik9000,3
19603,pickypg,2
19603,martijnvg,1
19603,javanna,1
19599,nik9000,3
19599,javanna,2
19595,javanna,3
19595,cbuescher,2
19594,dadoonet,2
19594,dakrone,1
19589,rmuir,1
19588,nik9000,4
19588,javanna,2
19587,polyfractal,3
19587,nik9000,1
19587,s1monw,3
19583,rjernst,1
19581,abeyad,5
19581,clintongormley,1
19581,bleskes,3
19580,nik9000,3
19580,javanna,2
19580,danielmitterdorfer,1
19580,rjernst,2
19579,nik9000,1
19579,jimczi,1
19578,jimczi,1
19577,nik9000,2
19577,jpountz,1
19575,bogensberger,2
19575,karmi,1
19575,aslanbekirov,1
19575,dadoonet,3
19575,elasticmachine,1
19575,dakrone,2
19572,markwalkom,2
19572,clintongormley,2
19572,bleskes,1
19571,pickypg,1
19571,jpountz,1
19568,daschl,4
19568,elasticmachine,1
19567,clintongormley,1
19566,nik9000,9
19566,a2lin,2
19566,elasticmachine,1
19564,clintongormley,1
19564,cbuescher,1
19564,elasticmachine,1
19563,jpountz,1
19563,s1monw,1
19563,spinscale,1
19561,ywelsch,1
19561,dadoonet,3
19560,ywelsch,1
19560,dadoonet,2
19559,nik9000,1
19554,nik9000,3
19554,olegmyrk,1
19554,rmuir,5
19554,mikemccand,4
19551,nik9000,2
19551,jpountz,3
19550,martijnvg,1
19550,jpountz,2
19545,martijnvg,1
19545,talevy,1
19540,abeyad,1
19540,bleskes,1
19537,daschl,7
19537,jasontedor,8
19537,elasticmachine,1
19537,karlra,1
19537,rmuir,2
19537,dakrone,1
19536,speedplane,1
19536,trompx,1
19536,areek,6
19536,rmuir,1
19536,s1monw,5
19534,ywelsch,1
19534,jasontedor,2
19534,rmuir,1
19533,nik9000,2
19533,javanna,1
19533,rjernst,2
19533,colings86,3
19533,clintongormley,1
19531,bleskes,1
19529,jasontedor,1
19529,nik9000,1
19529,javanna,1
19529,karmi,4
19529,s1monw,4
19526,normanmaurer,1
19526,jasontedor,3
19526,s1monw,2
19526,spinscale,1
19524,nik9000,2
19524,martijnvg,1
19522,abeyad,4
19522,jasontedor,1
19522,rjernst,2
19522,s1monw,2
19518,s1monw,2
19518,bleskes,2
19516,ywelsch,3
19516,s1monw,2
19516,bleskes,1
19515,ywelsch,1
19514,MaineC,1
19514,dliappis,1
19514,danielmitterdorfer,3
19513,GabrielLaden-minted,2
19513,ywelsch,1
19513,dadoonet,2
19510,jpountz,1
19510,rmuir,4
19510,rjernst,4
19509,nik9000,8
19509,javanna,5
19509,jasontedor,2
19509,clintongormley,1
19507,colings86,1
19506,rjernst,1
19506,s1monw,3
19506,jpountz,1
19505,jaymode,2
19505,jasontedor,2
19505,bleskes,2
19503,clintongormley,1
19501,nik9000,6
19501,javanna,2
19501,karmi,3
19501,rjernst,2
19500,thefourtheye,1
19500,clintongormley,2
19500,elasticmachine,1
19499,clintongormley,1
19498,Maviza101,1
19498,clintongormley,1
19497,imotov,1
19496,elasticmachine,1
19496,jpountz,5
19496,rmuir,2
19494,martijnvg,1
19494,jpountz,2
19494,dakrone,1
19492,ywelsch,1
19492,dakrone,1
19491,s1monw,1
19490,nik9000,4
19490,ywelsch,1
19489,clintongormley,1
19489,nl5887,2
19489,nik9000,2
19489,dadoonet,1
19489,elasticmachine,1
19486,nl5887,1
19486,jasontedor,1
19482,nik9000,1
19482,karmi,1
19482,abeyad,1
19480,nik9000,1
19480,colings86,1
19478,Cidan,1
19478,martijnvg,1
19476,s1monw,1
19472,nik9000,1
19472,jpountz,1
19470,jpountz,1
19469,jpountz,2
19469,s1monw,1
19467,jpountz,1
19466,s1monw,2
19466,bleskes,2
19464,NaveenRaj88,1
19462,rjernst,4
19462,elasticmachine,1
19462,astefan,1
19462,jpountz,2
19462,clintongormley,4
19462,dakrone,1
19461,nik9000,2
19461,s1monw,1
19460,nik9000,1
19460,abeyad,1
19459,jdconrad,2
19459,rmuir,1
19457,abeyad,1
19457,nik9000,1
19456,jasontedor,3
19456,bleskes,2
19455,abeyad,1
19455,nik9000,1
19454,abeyad,7
19454,bleskes,5
19453,abeyad,1
19453,jasontedor,1
19453,nik9000,1
19452,nik9000,1
19452,abeyad,1
19451,nik9000,1
19451,jasontedor,1
19450,nik9000,1
19448,s1monw,1
19447,jpountz,1
19447,s1monw,1
19442,clintongormley,1
19441,abeyad,1
19441,jasontedor,1
19440,jasontedor,1
19439,dakrone,1
19437,martijnvg,1
19437,rjernst,1
19436,javanna,3
19436,HonzaKral,3
19435,rjernst,2
19435,s1monw,3
19434,dakrone,1
19432,clintongormley,1
19431,martijnvg,3
19431,rjernst,2
19428,javanna,1
19428,rjernst,1
19428,s1monw,3
19425,nik9000,4
19425,martijnvg,3
19425,tlrx,1
19424,s1monw,1
19423,abeyad,1
19423,clintongormley,2
19421,imotov,3
19421,abeyad,5
19420,colings86,1
19418,nik9000,1
19418,colings86,1
19417,clintongormley,1
19417,dakrone,1
19416,ywelsch,1
19416,s1monw,1
19407,nik9000,1
19407,colings86,1
19405,jasontedor,1
19405,dakrone,1
19404,martijnvg,1
19402,martijnvg,2
19402,talevy,2
19401,areek,1
19400,nik9000,5
19400,javanna,6
19400,s1monw,1
19398,s1monw,1
19397,polyfractal,1
19397,jpountz,1
19394,nik9000,1
19394,jpountz,7
19394,dakrone,8
19393,jasontedor,1
19392,jasontedor,1
19392,rmuir,2
19387,Bargs,1
19387,martijnvg,1
19387,colings86,4
19385,jasontedor,2
19385,danielmitterdorfer,1
19385,bleskes,1
19380,bleskes,1
19378,clintongormley,1
19378,dakrone,1
19376,nik9000,4
19376,javanna,2
19376,s1monw,1
19375,colings86,1
19374,nik9000,1
19374,colings86,1
19373,nik9000,3
19373,javanna,1
19372,nik9000,1
19372,colings86,1
19371,nik9000,3
19371,rjernst,2
19367,nik9000,2
19367,jimczi,1
19365,nik9000,2
19365,colings86,1
19363,rjernst,1
19363,s1monw,1
19362,ywelsch,1
19362,jasontedor,1
19360,jpountz,1
19358,nik9000,1
19358,jasontedor,1
19357,s1monw,3
19357,mikemccand,2
19354,minagoro,1
19354,clintongormley,1
19351,jasontedor,1
19348,rjernst,2
19348,dadoonet,2
19348,s1monw,1
19346,s1monw,1
19343,abeyad,1
19342,jdconrad,1
19342,mikemccand,2
19342,dakrone,3
19340,nik9000,1
19340,javanna,1
19339,nik9000,1
19339,jasontedor,1
19339,clintongormley,1
19338,imotov,1
19338,ywelsch,3
19338,bleskes,1
19338,mikemccand,2
19338,elasticmachine,1
19338,dakrone,1
19337,nik9000,1
19337,martijnvg,2
19337,jpountz,1
19336,nik9000,1
19336,tlrx,1
19334,imotov,6
19334,jdconrad,2
19334,rjernst,4
19332,rjernst,2
19332,s1monw,1
19331,MaineC,2
19331,cbuescher,2
19329,jasontedor,1
19328,dliappis,1
19327,jpountz,1
19326,jasontedor,1
19325,dadoonet,1
19324,s1monw,1
19322,nik9000,1
19322,jasontedor,1
19321,nik9000,1
19321,colings86,1
19318,martijnvg,1
19318,talevy,1
19310,nik9000,6
19310,javanna,4
19309,ppf2,1
19309,jasontedor,1
19309,bleskes,1
19308,nik9000,1
19306,nik9000,1
19306,javanna,1
19303,ywelsch,1
19303,jasontedor,1
19303,clintongormley,1
19302,nik9000,1
19302,tlrx,1
19300,MaineC,3
19300,cbuescher,2
19296,bleskes,1
19294,nik9000,1
19294,jpountz,2
19294,GlenRSmith,1
19294,clintongormley,1
19292,nik9000,3
19292,rjernst,4
19289,ywelsch,2
19289,jasontedor,1
19288,imotov,4
19288,abeyad,2
19288,rmuir,1
19288,rjernst,2
19288,bleskes,1
19287,ywelsch,1
19287,bleskes,3
19285,nik9000,4
19285,jasontedor,2
19285,rmuir,1
19285,nomoa,3
19284,nik9000,3
19284,rmuir,1
19283,MaineC,1
19283,cbuescher,1
19281,javanna,1
19281,danielmitterdorfer,3
19280,nik9000,2
19280,tlrx,2
19278,ywelsch,1
19277,nik9000,2
19277,colings86,2
19276,nik9000,1
19272,tlrx,3
19272,jasontedor,3
19272,rmuir,1
19272,dadoonet,1
19272,clintongormley,2
19271,jimczi,1
19271,jimczi,1
19270,nik9000,1
19270,cwurm,1
19266,BastianVoigt,2
19266,clintongormley,1
19264,jpountz,2
19261,martijnvg,1
19261,jasontedor,2
19259,nik9000,1
19259,colings86,1
19258,nik9000,2
19258,colings86,1
19256,jpountz,1
19255,jasontedor,2
19255,bleskes,2
19254,jpountz,1
19252,nik9000,1
19242,tlrx,1
19242,javanna,1
19241,Bargs,3
19241,nik9000,5
19241,jpountz,1
19241,clintongormley,2
19241,jimczi,4
19238,nik9000,2
19238,rjernst,1
19235,jasontedor,1
19235,rjernst,1
19235,s1monw,1
19235,salyh,1
19231,nik9000,1
19231,jasontedor,3
19231,agirbal,1
19231,s1monw,2
19230,jpountz,1
19226,martijnvg,1
19226,rjernst,1
19225,dakrone,1
19223,jasontedor,2
19223,s1monw,2
19220,nik9000,1
19220,colings86,1
19219,nik9000,1
19219,colings86,1
19218,javanna,1
19218,rjernst,1
19217,nik9000,1
19217,jpountz,1
19217,jimczi,1
19216,nik9000,1
19216,javanna,1
19215,jimczi,1
19214,nik9000,1
19214,tlrx,1
19214,s1monw,1
19212,tlrx,2
19212,nik9000,1
19212,jasontedor,1
19212,rmuir,1
19212,jpountz,1
19211,nik9000,2
19211,rmuir,3
19211,clintongormley,1
19211,jimczi,2
19210,martijnvg,1
19210,jpountz,1
19207,robin13,2
19207,danielmitterdorfer,1
19207,jasontedor,2
19206,nik9000,1
19206,javanna,1
19206,dadoonet,1
19206,spinscale,1
19204,abeyad,1
19204,dadoonet,1
19201,karmi,1
19201,s1monw,2
19200,pickypg,1
19200,martijnvg,2
19200,talevy,1
19199,nik9000,1
19199,colings86,1
19198,nik9000,2
19198,colings86,1
19196,rjernst,1
19196,s1monw,4
19196,jpountz,4
19194,nik9000,1
19194,colings86,1
19191,martijnvg,3
19191,jpountz,3
19190,javanna,2
19190,karmi,1
19190,jaymode,1
19190,dakrone,1
19189,nik9000,3
19189,rjernst,1
19188,lnwdr,2
19188,clintongormley,3
19188,s1monw,2
19186,danielmitterdorfer,1
19185,danielmitterdorfer,1
19185,brwe,1
19184,martijnvg,1
19184,jpountz,1
19180,tlrx,1
19180,clintongormley,1
19178,tlrx,3
19178,clintongormley,3
19177,jpountz,1
19176,tlrx,1
19175,dadoonet,1
19174,clintongormley,1
19174,dakrone,1
19172,jasontedor,2
19172,clintongormley,1
19172,bleskes,1
19170,nik9000,1
19170,s1monw,1
19169,nik9000,1
19169,rjernst,1
19168,khatchad,1
19168,jasontedor,1
19165,nik9000,3
19165,rjernst,2
19160,jasontedor,1
19159,nik9000,1
19158,nik9000,1
19157,jasontedor,3
19157,brwe,4
19155,nik9000,1
19154,clintongormley,2
19154,brwe,1
19153,tlrx,1
19153,spinscale,1
19150,clintongormley,1
19150,jimczi,1
19141,jpountz,2
19141,s1monw,1
19140,ywelsch,2
19140,bleskes,2
19137,martijnvg,1
19137,jpountz,1
19136,martijnvg,1
19136,jasontedor,5
19136,jpountz,1
19136,rjernst,1
19133,clintongormley,1
19131,nik9000,3
19131,s1monw,1
19129,rjernst,1
19129,s1monw,2
19129,jpountz,1
19128,tlrx,3
19128,rmuir,1
19128,dadoonet,1
19128,clintongormley,2
19126,nik9000,1
19125,jasontedor,1
19125,jpountz,1
19125,s1monw,1
19122,s1monw,2
19122,jimczi,2
19121,tlrx,4
19121,rmuir,3
19121,dadoonet,3
19121,s1monw,1
19118,jpountz,1
19116,dadoonet,1
19114,dadoonet,1
19112,tlrx,1
19112,vanga,2
19112,dadoonet,2
19111,s1monw,1
19111,bleskes,1
19109,nik9000,1
19108,nik9000,1
19108,s1monw,1
19107,nik9000,3
19107,spinscale,2
19107,HonzaKral,3
19106,jasontedor,1
19105,areek,8
19105,bleskes,4
19104,rjernst,1
19102,nik9000,2
19102,jasontedor,6
19102,clintongormley,3
19101,nik9000,1
19101,jpountz,2
19100,nik9000,1
19100,jasontedor,1
19099,maciejkula,1
19099,jesushernandez,1
19099,clintongormley,2
19099,dakrone,1
19098,jalvar08,2
19098,jasontedor,3
19098,clintongormley,1
19097,jpountz,1
19097,colings86,1
19096,jasontedor,2
19096,rmuir,1
19096,s1monw,3
19095,nknize,1
19094,jasontedor,1
19093,danielmitterdorfer,1
19093,dadoonet,1
19093,danielmitterdorfer,1
19093,dadoonet,1
19092,jdconrad,1
19092,jpountz,1
19091,nik9000,1
19091,javanna,1
19090,dadoonet,1
19088,s1monw,1
19088,jimczi,1
19086,tlrx,1
19086,s1monw,1
19086,dadoonet,1
19085,jpountz,1
19085,colings86,1
19085,clintongormley,1
19083,nik9000,1
19083,dakrone,1
19080,dadoonet,1
19077,s1monw,1
19076,bleskes,3
19074,martijnvg,11
19074,jasontedor,3
19074,s1monw,1
19074,cwurm,9
19074,rjernst,1
19073,nik9000,1
19073,s1monw,1
19071,nik9000,1
19070,nik9000,9
19070,rmuir,3
19070,uschindler,3
19070,clintongormley,1
19067,dadoonet,1
19066,jpountz,1
19065,jdconrad,1
19063,nik9000,2
19063,palecur,2
19062,tlrx,2
19062,dadoonet,2
19058,tlrx,1
19057,jpountz,2
19052,jpountz,1
19052,cbuescher,2
19052,clintongormley,1
19051,clintongormley,1
19050,jasontedor,1
19050,karmi,1
19048,areek,1
19047,ywelsch,1
19047,bleskes,2
19046,jpountz,1
19046,rmuir,2
19046,clintongormley,1
19046,s1monw,2
19046,jimczi,7
19045,nik9000,1
19044,ywelsch,2
19044,bleskes,2
19043,jpountz,2
19043,cbuescher,2
19043,spinscale,1
19037,nik9000,1
19035,bleskes,1
19033,nik9000,2
19033,jasontedor,2
19032,nik9000,4
19032,rjernst,2
19031,nik9000,1
19030,nik9000,2
19030,javanna,2
19029,nik9000,1
19029,jasontedor,2
19028,nik9000,1
19025,nik9000,2
19025,jasontedor,1
19024,nik9000,3
19024,rjernst,1
19023,nik9000,1
19023,jasontedor,1
19023,jpountz,1
19022,jdconrad,1
19020,jpountz,1
19020,cbuescher,3
19019,clintongormley,1
19018,rjernst,1
19018,jpountz,1
19018,s1monw,1
19018,clintongormley,1
19016,jasontedor,1
19016,jpountz,1
19014,nik9000,2
19014,jpountz,1
19014,clintongormley,1
19013,ywelsch,2
19013,bleskes,3
19012,rmuir,1
19011,abeyad,1
19011,martijnvg,1
19010,nik9000,2
19010,s1monw,1
19004,nik9000,1
19004,jpountz,1
19003,nik9000,2
19003,jdconrad,1
19003,rmuir,2
19002,imotov,1
19002,abeyad,1
19001,MaineC,1
19001,nik9000,2
18999,nik9000,1
18998,nik9000,2
18998,jpountz,2
18998,clintongormley,2
18997,nik9000,1
18997,jasontedor,1
18997,bleskes,1
18995,martijnvg,1
18995,jimczi,1
18994,clintongormley,1
18993,dakrone,1
18993,jpountz,1
18993,rmuir,2
18993,jimczi,2
18992,nik9000,2
18992,clintongormley,1
18992,jimczi,1
18987,martijnvg,2
18987,talevy,2
18986,nik9000,2
18986,jpountz,1
18985,nik9000,1
18985,ywelsch,2
18985,abeyad,7
18985,bleskes,1
18983,jdconrad,1
18981,javanna,1
18981,martijnvg,1
18981,dadoonet,1
18980,nik9000,3
18980,jpountz,3
18979,jpountz,1
18975,tlrx,1
18975,jpountz,1
18973,ywelsch,1
18969,ywelsch,1
18968,clintongormley,2
18968,ScsUndefined,4
18965,nik9000,1
18965,martijnvg,1
18963,fhopf,2
18963,jasontedor,1
18963,bleskes,2
18960,rmuir,1
18960,uschindler,1
18959,s1monw,1
18959,elasticmachine,2
18958,jdconrad,1
18958,rmuir,3
18958,uschindler,3
18957,martijnvg,4
18957,qwerty4030,4
18957,clintongormley,1
18955,javanna,1
18954,jdconrad,1
18954,uschindler,1
18949,jasontedor,1
18949,bleskes,2
18948,jpountz,1
18948,jimczi,2
18939,tlrx,6
18939,wgorder,1
18939,s1monw,2
18923,easherma,1
18923,clintongormley,2
18920,litong01,3
18920,clintongormley,1
18920,s1monw,4
18920,jpountz,1
18918,tlrx,2
18918,rmuir,1
18918,s1monw,2
18914,litong01,1
18914,bleskes,2
18914,jpountz,1
18914,mikemccand,3
18905,imotov,1
18905,nik9000,1
18880,rmuir,2
18880,jpountz,6
18880,uschindler,5
18880,clintongormley,1
18870,jasontedor,2
18870,rjernst,2
18857,dakrone,1
18857,elasticmachine,1
18857,martijnvg,3
18857,jpountz,2
18857,jimczi,2
18856,tlrx,3
18856,rjernst,1
18856,spinscale,2
18840,TomyLobo,1
18840,clintongormley,1
18840,dakrone,1
18839,s1monw,1
18839,bleskes,1
18836,martijnvg,3
18836,rmuir,1
18836,talevy,1
18815,jasontedor,5
18815,abeyad,6
18815,gfyoung,18
18815,jbaiera,1
18813,imotov,4
18813,abeyad,7
18813,dadoonet,1
18813,s1monw,4
18813,tlrx,3
18813,gfyoung,7
18798,MaineC,7
18798,clintongormley,3
18798,s1monw,2
18791,nik9000,2
18791,russcam,1
18791,jasontedor,1
18791,clintongormley,2
18791,bleskes,1
18765,nik9000,1
18765,martijnvg,3
18765,tlrx,4
18765,s1monw,1
18750,tlrx,3
18750,nik9000,1
18750,clintongormley,1
18750,bleskes,1
18737,ywelsch,3
18737,abeyad,5
18737,djschny,2
18737,bleskes,2
18735,tstibbs,1
18735,nik9000,11
18735,javanna,4
18735,costin,1
18735,dadoonet,1
18735,makeyang,1
18735,rjernst,1
18735,djschny,2
18735,soran1991,1
18735,s1monw,7
18703,rjernst,1
18703,dadoonet,3
18696,martijnvg,3
18696,jpountz,4
18695,rjernst,2
18695,dadoonet,3
18695,spinscale,1
18690,rjernst,5
18690,dadoonet,9
18683,dadoonet,2
18683,jasontedor,4
18683,rjernst,3
18683,Mogztter,8
18683,dakrone,3
18668,nknize,1
18668,cbuescher,2
18654,nik9000,5
18654,msvechla,2
18654,ruflin,3
18654,ghost,1
18624,rmuir,1
18624,rjernst,1
18585,tlrx,1
18585,nik9000,20
18585,djschny,2
18585,clintongormley,4
18585,dakrone,3
18519,MaineC,2
18519,nik9000,2
18302,polyfractal,3
18302,jpountz,1
18302,colings86,3
18018,polyfractal,3
18018,martijnvg,2
18018,talevy,1
18018,dakrone,2
17987,ywelsch,2
17987,jasontedor,1
17985,awislowski,2
17985,dadoonet,1
17932,nik9000,6
17932,jasontedor,1
17932,mbonaci,2
17932,jvburnes,1
17932,prog8,2
17932,greenpau,1
17932,dakrone,1
17919,polyfractal,1
17919,rmuir,1
17919,s1monw,1
17916,jbertouch,15
17916,nik9000,3
17916,jasontedor,11
17916,elasticmachine,1
17804,pickypg,12
17804,jasontedor,2
17804,clintongormley,2
17804,jaymode,4
17804,uboness,1
17645,nik9000,4
17645,rjernst,3
17645,chilly,1
17645,dakrone,2
17538,dakrone,1
17538,jaymode,5
17538,jasontedor,1
17538,nithril,2
17538,bleskes,6
17498,joshuar,2
17498,clintongormley,1
17498,dakrone,3
17463,nik9000,3
17463,javanna,1
17463,clintongormley,1
17463,colings86,2
17382,MaineC,1
17382,dakrone,2
17322,clintongormley,1
17300,dakrone,1
17300,pickypg,5
17300,rjernst,2
17300,johtani,1
17300,clintongormley,6
17285,dakrone,1
17285,rjernst,1
17285,jpountz,1
16904,lukas-vlcek,1
16904,javanna,3
16904,clintongormley,1
16904,s1monw,4
16904,dakrone,1
16816,sarwarbhuiyan,2
16816,rjernst,1
16816,clintongormley,1
16816,dakrone,5
16732,nik9000,1
16732,danielmitterdorfer,1
16732,elasticmachine,1
16732,dweiss,2
16732,clintongormley,1
16732,dakrone,1
16456,bleskes,1
16456,dakrone,1
16227,dakrone,1
16227,jasontedor,1
16227,jpountz,1
16227,s1monw,5
16227,bleskes,2
16184,BobVanB,1
16184,jasontedor,1
16117,dakrone,2
16117,mikemccand,4
16117,jpountz,1
16117,s1monw,1
16117,bleskes,1
16055,nik9000,1
16055,cbuescher,1
16055,dakrone,1
16028,dakrone,1
16028,mikemccand,3
16028,s1monw,1
16028,uschindler,3
16028,bleskes,3
15996,ypereirareis,1
15996,karmi,4
15996,hcapitaine,5
15996,dadoonet,1
15996,clintongormley,1
15996,jpountz,1
15865,ywelsch,2
15865,rjernst,3
15865,dakrone,2
15781,dakrone,1
15781,jpountz,2
15781,lquerel,1
15765,dakrone,1
15765,rjernst,3
15765,dadoonet,12
15765,bleskes,3
15671,clintongormley,1
15671,jpountz,4
15671,rjernst,1
15671,johtani,5
15671,dakrone,1
15470,ebernhardson,2
15470,clintongormley,1
15470,bleskes,1
15451,dakrone,1
15451,nik9000,2
15451,ywelsch,2
15451,bleskes,1
15441,dakrone,1
15441,ywelsch,2
15441,bleskes,1
15410,worldsayshi,1
15410,ricardocerq,2
15410,clintongormley,4
15410,areek,2
15410,dakrone,2
15219,imotov,2
15219,clintongormley,1
15219,dadoonet,5
15114,koolhead17,1
15114,dadoonet,8
15114,tlrx,1
15114,harshavardhana,4
15114,awislowski,3
15114,clintongormley,1
15114,dakrone,1
15066,dakrone,1
15066,martijnvg,3
15066,clintongormley,1
15066,s1monw,4
15066,bleskes,2
14870,nik9000,2
14870,jasontedor,1
14870,clintongormley,2
14870,amishHammer,2
14870,rmuir,2
14870,dakrone,1
14546,Michael-karn-ivanov,1
14546,danielmitterdorfer,2
14546,clintongormley,1
14546,dakrone,1
14378,dakrone,4
14378,rjernst,6
14378,jpountz,1
14143,reversefold,1
14143,jasontedor,2
14143,dakrone,1
13576,clintongormley,1
13576,areek,4
13576,s1monw,3
13576,mikemccand,3
12285,dakrone,2
12285,salyh,1
12285,jpountz,2
12285,clintongormley,1
12171,nik9000,1
12171,jaymode,2
12171,rjernst,2
12171,dadoonet,8
12171,kimchy,1
12171,javanna,3
12171,rmuir,4
12171,clintongormley,1
11491,ywelsch,1
11491,umairmufti,1
11491,dakrone,2
10021,nik9000,1
10021,rjernst,1
10021,s1monw,2
10021,MaineC,1
10021,javanna,1
10021,uschindler,1
10021,dakrone,1
3278,mattweber,20
3278,martijnvg,6
3278,s1monw,3
3278,damienalexandre,1
