12393,MartijnKaijser,1
12381,Rechi,1
12379,AlwinEsch,4
12379,ksooo,1
12371,MartijnKaijser,2
12371,candrews,2
12371,tamland,5
12371,asavah,1
12371,pkerling,7
12371,fritsch,2
12371,hauihau,1
12369,MartijnKaijser,1
12369,Rechi,1
12365,garbear,1
12363,FernetMenta,4
12363,popcornmix,3
12362,FernetMenta,1
12362,MartijnKaijser,1
12362,fritsch,1
12362,mazeyx,1
12360,DaveTBlake,1
12359,AlwinEsch,1
12358,MartijnKaijser,2
12358,Rechi,1
12358,fritsch,1
12358,Memphiz,1
12356,AlwinEsch,4
12355,Memphiz,2
12353,FernetMenta,8
12353,MartijnKaijser,1
12353,Memphiz,3
12350,MartijnKaijser,1
12350,notspiff,1
12349,MartijnKaijser,2
12349,koying,2
12348,AlwinEsch,1
12347,MartijnKaijser,1
12347,AlwinEsch,1
12347,hudokkow,2
12346,MartijnKaijser,2
12346,notspiff,1
12346,hudokkow,2
12345,MartijnKaijser,1
12345,MilhouseVH,1
12345,ksooo,1
12345,hudokkow,3
12345,ronie,1
12344,MrMC,1
12344,arnova,1
12344,fritsch,1
12343,MartijnKaijser,1
12343,AlwinEsch,1
12342,FernetMenta,1
12342,pkerling,4
12342,Rechi,4
12342,h324,1
12342,MartijnKaijser,1
12341,FernetMenta,1
12340,MartijnKaijser,1
12340,AlwinEsch,1
12340,peak3d,3
12338,AlwinEsch,1
12337,wsnipex,1
12337,ace20022,1
12337,Paxxi,1
12337,mkortstiege,1
12335,garbear,1
12333,garbear,2
12333,AlwinEsch,3
12332,FernetMenta,1
12331,MrMC,3
12331,wsnipex,1
12331,koying,4
12328,Rechi,2
12325,AlwinEsch,4
12325,Rechi,1
12325,peak3d,2
12324,MartijnKaijser,1
12324,AlwinEsch,1
12323,MartijnKaijser,1
12323,AlwinEsch,3
12323,tamland,1
12323,mkortstiege,1
12321,arnova,1
12320,MartijnKaijser,1
12320,arnova,2
12320,Rechi,1
12319,AlwinEsch,2
12318,AlwinEsch,2
12318,notspiff,1
12317,AlwinEsch,3
12315,garbear,1
12314,Montellese,7
12314,ksooo,5
12314,peak3d,3
12314,MilhouseVH,1
12310,Rechi,2
12310,akva2,1
12308,FernetMenta,1
12306,ksooo,2
12304,MartijnKaijser,1
12304,wsnipex,1
12304,koying,3
12304,Memphiz,1
12302,AlwinEsch,1
12300,garbear,1
12300,notspiff,3
12300,peak3d,10
12300,fritsch,1
12300,mkortstiege,1
12300,Guilouz,3
12299,AlwinEsch,5
12299,tamland,3
12298,FernetMenta,1
12298,Rechi,1
12298,fritsch,3
12298,Memphiz,8
12296,AlwinEsch,2
12293,MartijnKaijser,2
12290,AlwinEsch,1
12289,AlwinEsch,1
12289,AchimTuran,2
12288,MartijnKaijser,1
12288,FernetMenta,2
12288,wsnipex,1
12288,Rechi,1
12288,Memphiz,2
12287,pkerling,3
12287,MilhouseVH,1
12286,AlwinEsch,2
12286,ksooo,2
12285,FernetMenta,1
12285,pkerling,1
12285,Rechi,1
12284,koying,5
12284,wsnipex,3
12284,hudokkow,1
12283,ksooo,2
12283,AlwinEsch,6
12283,tamland,3
12282,MartijnKaijser,1
12282,MrMC,1
12281,MartijnKaijser,2
12281,MilhouseVH,2
12281,tamland,1
12281,sej7278,1
12280,garbear,3
12280,MilhouseVH,2
12279,xhaggi,4
12279,romanvm,4
12276,Montellese,1
12276,ksooo,1
12276,hudokkow,1
12274,FernetMenta,2
12274,popcornmix,3
12274,AlwinEsch,3
12273,Montellese,1
12273,notspiff,2
12272,garbear,1
12272,MartijnKaijser,1
12272,Rechi,3
12272,MilhouseVH,1
12272,Memphiz,2
12272,pkerling,8
12272,fritsch,1
12272,FernetMenta,2
12266,garbear,1
12266,MartijnKaijser,1
12265,Montellese,4
12265,Jalle19,1
12265,tamland,1
12265,uvjim,3
12265,MilhouseVH,1
12264,MartijnKaijser,1
12264,Montellese,1
12264,Rechi,2
12263,popcornmix,1
12262,AlwinEsch,7
12262,Rechi,2
12261,Montellese,1
12261,Rechi,3
12261,tamland,2
12260,AlwinEsch,2
12260,ksooo,2
12259,AlwinEsch,2
12258,pkerling,3
12258,ace20022,4
12258,Montellese,2
12257,FernetMenta,1
12257,micahg,1
12256,Rechi,3
12256,Kwiboo,1
12256,Memphiz,4
12255,FernetMenta,4
12255,popcornmix,1
12255,peak3d,3
12255,mkortstiege,1
12254,AlwinEsch,1
12254,ksooo,1
12254,Jalle19,1
12253,AlwinEsch,1
12251,MartijnKaijser,3
12251,Montellese,4
12251,hauihau,1
12249,MartijnKaijser,1
12249,garbear,1
12248,Rechi,1
12246,MartijnKaijser,1
12245,donborygo84,1
12244,MartijnKaijser,2
12244,ksooo,2
12244,Rechi,1
12244,tamland,1
12241,micahg,1
12241,fritsch,1
12240,AlwinEsch,1
12240,ksooo,3
12239,MartijnKaijser,2
12238,FernetMenta,2
12238,garbear,3
12238,notspiff,4
12238,MartijnKaijser,1
12237,FernetMenta,1
12237,MartijnKaijser,1
12237,Rechi,1
12237,ObvB,2
12236,AlwinEsch,2
12236,Rechi,3
12236,ksooo,4
12233,FernetMenta,3
12233,popcornmix,6
12233,AchimTuran,1
12233,MartijnKaijser,2
12232,AlwinEsch,1
12232,AchimTuran,1
12232,ksooo,1
12231,FernetMenta,1
12230,ksooo,1
12230,AlwinEsch,3
12230,AchimTuran,1
12230,tamland,1
12228,MartijnKaijser,1
12228,Montellese,2
12228,romanvm,3
12227,AlwinEsch,1
12226,ksooo,1
12225,Montellese,1
12225,tamland,1
12225,jaylinski,1
12224,AlwinEsch,2
12224,AchimTuran,1
12224,ksooo,1
12223,garbear,1
12222,garbear,1
12222,AlwinEsch,2
12222,akva2,1
12221,garbear,1
12220,FernetMenta,1
12218,hudokkow,1
12215,MartijnKaijser,3
12215,pkerling,4
12215,Rechi,2
12215,fritsch,1
12214,AlwinEsch,2
12214,ksooo,2
12213,MartijnKaijser,1
12213,pkerling,2
12213,HitcherUK,2
12213,peak3d,5
12211,AlwinEsch,1
12210,ksooo,5
12210,hugegreenbug,4
12210,pollito05,1
12209,Razzeee,1
12208,AlwinEsch,2
12208,ksooo,2
12207,FernetMenta,3
12207,ksooo,1
12207,stefansaraev,2
12207,AlwinEsch,1
12207,pkerling,6
12207,fritsch,2
12207,hudokkow,1
12207,Paxxi,3
12205,Rechi,1
12204,AlwinEsch,4
12204,AchimTuran,1
12204,ksooo,1
12204,akva2,2
12202,AlwinEsch,2
12202,ksooo,1
12200,MartijnKaijser,1
12200,Montellese,1
12200,ksooo,3
12200,ronie,1
12200,hudokkow,1
12200,Memphiz,3
12200,MilhouseVH,1
12200,phil65,1
12199,Rechi,2
12198,wsnipex,1
12197,MartijnKaijser,1
12197,popcornmix,1
12197,lrusak,1
12196,FernetMenta,2
12196,MartijnKaijser,1
12196,mac-l1,1
12196,Rechi,1
12196,lrusak,5
12195,AlwinEsch,2
12195,ksooo,1
12194,Rechi,2
12193,AlwinEsch,3
12192,MartijnKaijser,4
12192,MilhouseVH,2
12192,Rechi,4
12192,Hedda,1
12191,AlwinEsch,2
12190,MartijnKaijser,2
12188,AlwinEsch,1
12188,ksooo,1
12187,AlwinEsch,5
12187,ksooo,1
12185,asavah,1
12185,lrusak,2
12182,MartijnKaijser,1
12182,koying,1
12180,garbear,4
12179,garbear,1
12178,AlwinEsch,1
12177,AlwinEsch,2
12176,MartijnKaijser,2
12176,coypoop,1
12176,Rechi,2
12176,notspiff,2
12174,MartijnKaijser,1
12174,AlwinEsch,1
12173,MartijnKaijser,2
12173,peak3d,1
12172,AlwinEsch,3
12172,wsnipex,1
12171,MartijnKaijser,1
12170,MartijnKaijser,1
12170,CiNcH83,2
12170,koying,2
12169,koying,1
12167,MartijnKaijser,1
12166,garbear,2
12166,AlwinEsch,1
12164,AlwinEsch,3
12164,ksooo,2
12163,AlwinEsch,1
12162,FernetMenta,2
12162,MartijnKaijser,5
12162,Rechi,1
12162,ksooo,8
12162,hugegreenbug,11
12161,MartijnKaijser,1
12161,hudokkow,1
12160,MartijnKaijser,1
12159,wsnipex,1
12159,hudokkow,1
12159,kib,1
12158,MartijnKaijser,1
12158,popcornmix,1
12158,Rechi,2
12158,fritsch,1
12158,Voyager1,8
12157,MartijnKaijser,2
12157,sba1,1
12157,wsnipex,2
12157,hudokkow,1
12155,Rechi,1
12154,MartijnKaijser,1
12152,MartijnKaijser,3
12152,ksooo,1
12152,Memphiz,3
12148,AlwinEsch,12
12148,ksooo,6
12148,Paxxi,1
12147,MartijnKaijser,2
12147,wsnipex,1
12147,Rechi,3
12146,Rechi,1
12145,MrMC,5
12145,popcornmix,2
12145,fritsch,16
12145,da-anda,1
12145,MilhouseVH,1
12143,MartijnKaijser,1
12143,AlwinEsch,2
12143,ksooo,1
12142,hudokkow,1
12139,FernetMenta,1
12139,Rechi,2
12138,Rechi,1
12138,Paxxi,1
12137,MartijnKaijser,2
12137,Rechi,2
12137,faush01,3
12134,MartijnKaijser,1
12134,BrandonSchaefer,3
12134,Rechi,1
12134,asavah,2
12134,lrusak,16
12134,Memphiz,2
12133,MartijnKaijser,1
12133,ksooo,1
12132,AlwinEsch,4
12132,AchimTuran,2
12132,da-anda,1
12131,Rechi,1
12131,hudokkow,1
12129,xhaggi,2
12128,MartijnKaijser,1
12128,chewitt,1
12128,Paxxi,1
12127,MartijnKaijser,1
12126,AlwinEsch,2
12125,MartijnKaijser,9
12125,AlwinEsch,3
12125,ronie,4
12125,Montellese,14
12124,AlwinEsch,2
12124,AchimTuran,2
12124,ksooo,1
12123,MartijnKaijser,1
12121,xhaggi,1
12119,MartijnKaijser,1
12119,jmaggard10,1
12119,a1rwulf,1
12118,Rechi,1
12117,AlwinEsch,2
12116,AlwinEsch,2
12115,AlwinEsch,2
12115,ksooo,1
12114,AlwinEsch,6
12114,wsnipex,2
12114,notspiff,2
12114,hudokkow,1
12113,FernetMenta,1
12113,lrusak,3
12112,MartijnKaijser,1
12109,MartijnKaijser,2
12109,AlwinEsch,2
12109,ksooo,1
12109,hudokkow,1
12108,AlwinEsch,1
12106,AlwinEsch,2
12106,ksooo,1
12105,xhaggi,3
12105,MartijnKaijser,1
12105,BigNoid,2
12104,MartijnKaijser,1
12104,Rechi,1
12103,FernetMenta,5
12103,MartijnKaijser,1
12103,wsnipex,4
12103,stefansaraev,1
12103,herrnst,1
12103,hudokkow,2
12103,hauihau,2
12102,FernetMenta,6
12102,MartijnKaijser,1
12102,koenkooi,1
12102,da-anda,1
12102,stefansaraev,1
12102,herrnst,2
12102,fritsch,2
12102,hudokkow,2
12102,hauihau,5
12101,FernetMenta,2
12101,wsnipex,1
12101,hudokkow,1
12101,lrusak,1
12099,MartijnKaijser,3
12099,Montellese,1
12098,MartijnKaijser,1
12098,stefansaraev,1
12098,peak3d,1
12098,lrusak,1
12097,FernetMenta,2
12097,MartijnKaijser,1
12097,Rechi,1
12097,koying,4
12097,peak3d,12
12096,rmrector,1
12096,xhaggi,10
12096,BigNoid,1
12095,Rechi,1
12094,Rechi,3
12094,notspiff,1
12094,Paxxi,1
12093,MrMC,1
12093,Rechi,3
12093,Memphiz,3
12092,BigNoid,1
12091,FernetMenta,4
12091,candrews,2
12091,wsnipex,2
12091,herrnst,2
12091,hauihau,2
12090,FernetMenta,2
12090,wsnipex,4
12090,fritsch,1
12090,lrusak,2
12089,FernetMenta,4
12089,wsnipex,1
12089,stefansaraev,2
12089,herrnst,1
12089,fritsch,4
12089,hauihau,2
12086,FernetMenta,2
12086,rbuehlma,2
12086,Rechi,3
12086,MartijnKaijser,2
12085,FernetMenta,2
12085,rbuehlma,1
12085,MartijnKaijser,3
12084,FernetMenta,3
12084,MartijnKaijser,1
12084,garbear,5
12083,MartijnKaijser,1
12083,koying,2
12083,Hedda,1
12082,MartijnKaijser,1
12082,DaveTBlake,3
12081,MartijnKaijser,2
12080,FernetMenta,1
12080,MartijnKaijser,1
12080,wsnipex,2
12080,Rechi,5
12079,MartijnKaijser,1
12079,Rechi,2
12079,DaveTBlake,1
12076,MartijnKaijser,4
12076,BigNoid,2
12076,ronie,1
12076,Rechi,1
12074,MartijnKaijser,1
12074,popcornmix,2
12074,peak3d,2
12073,garbear,2
12073,MartijnKaijser,1
12073,Rechi,3
12073,peak3d,2
12072,MartijnKaijser,2
12072,Rechi,1
12071,Rechi,1
12070,AlwinEsch,1
12070,hudokkow,1
12069,xhaggi,2
12069,Rechi,4
12069,ksooo,4
12069,peak3d,5
12069,fritsch,1
12069,Paxxi,2
12068,Rechi,1
12067,Paxxi,1
12066,Razzeee,1
12065,Rechi,1
12064,MartijnKaijser,2
12064,ksooo,10
12064,Memphiz,10
12063,Montellese,2
12062,Montellese,2
12061,Montellese,1
12060,Montellese,2
12059,MrMC,3
12059,wsnipex,1
12059,kraka40,5
12059,Rechi,3
12059,Memphiz,8
12058,xhaggi,1
12058,MartijnKaijser,1
12056,FernetMenta,2
12056,MartijnKaijser,1
12056,Rechi,1
12056,codesnake,1
12056,peak3d,1
12055,ksooo,1
12054,xhaggi,4
12054,FernetMenta,5
12054,ksooo,1
12054,peak3d,2
12054,MartijnKaijser,1
12054,popcornmix,5
12054,fritsch,3
12054,Paxxi,2
12053,Rechi,7
12053,hudokkow,1
12053,wsnipex,2
12052,AlwinEsch,2
12052,ksooo,2
12050,xhaggi,11
12050,MartijnKaijser,1
12050,jjd-uk,6
12050,notspiff,1
12050,faush01,7
12050,Paul-Reed,2
12050,Flavien,1
12048,Rechi,1
12046,FernetMenta,1
12046,MartijnKaijser,1
12046,Rechi,5
12046,fritsch,1
12046,wsnipex,4
12045,Rechi,2
12044,ksooo,2
12043,Rechi,2
12042,xhaggi,1
12042,ksooo,1
12041,Rechi,1
12040,MartijnKaijser,3
12040,wsnipex,1
12040,kraka40,2
12040,Rechi,1
12040,Memphiz,3
12039,kraka40,1
12038,MartijnKaijser,1
12037,AlwinEsch,1
12035,MartijnKaijser,2
12035,xhaggi,9
12035,rmrector,4
12035,ronie,1
12035,gade01,1
12034,MartijnKaijser,3
12034,stefansaraev,2
12034,wsnipex,3
12034,FernetMenta,2
12034,croniccorey,4
12032,kraka40,4
12032,Memphiz,3
12031,Rechi,1
12030,FernetMenta,1
12030,popcornmix,3
12029,MartijnKaijser,2
12029,FernetMenta,2
12029,AchimTuran,1
12029,ksooo,4
12029,stefansaraev,4
12029,AlwinEsch,14
12029,tamland,2
12029,hudokkow,1
12028,AlwinEsch,1
12027,FernetMenta,1
12027,Memphiz,1
12026,FernetMenta,1
12026,fritsch,2
12024,MartijnKaijser,2
12024,stefansaraev,1
12024,Rechi,2
12024,racer1988,2
12024,razvansalajan,1
12023,wsnipex,2
12023,tamland,2
12023,Rechi,5
12022,xhaggi,6
12022,Montellese,1
12022,faush01,8
12020,garbear,1
12020,FernetMenta,1
12018,FernetMenta,1
12017,MartijnKaijser,2
12017,Rechi,7
12017,wsnipex,1
12017,jenkins4kodi,1
12017,Memphiz,1
12016,FernetMenta,1
12016,fritsch,1
12016,Memphiz,2
12015,MartijnKaijser,2
12015,bkuhls,1
12015,Rechi,2
12015,lrusak,1
12014,MartijnKaijser,1
12014,bkuhls,2
12014,wsnipex,2
12013,MilhouseVH,1
12013,fritsch,1
12013,popcornmix,1
12012,xhaggi,2
12012,MartijnKaijser,2
12011,garbear,1
12011,AlwinEsch,5
12011,notspiff,1
12011,ksooo,2
12010,Rechi,1
12009,Rechi,1
12008,fritsch,2
12007,FernetMenta,1
12007,fritsch,1
12006,hudokkow,1
12004,Razzeee,3
12003,xhaggi,5
12003,MartijnKaijser,1
12003,ksooo,2
12003,DaveTBlake,1
12002,FernetMenta,2
12002,popcornmix,1
12001,ksooo,4
12000,MartijnKaijser,1
12000,Razzeee,1
12000,koying,1
11999,MartijnKaijser,1
11998,Montellese,4
11998,Rechi,9
11998,ksooo,1
11998,faush01,12
11998,notspiff,1
11998,tamland,1
11998,Paxxi,2
11997,MartijnKaijser,1
11997,fritsch,2
11997,peak3d,1
11996,garbear,1
11996,Rechi,2
11996,fritsch,3
11995,MartijnKaijser,1
11995,stammen,1
11995,Rechi,2
11994,MrMC,1
11994,garbear,1
11994,koying,1
11993,garbear,2
11993,Razzeee,3
11993,jsoref,1
11993,AlwinEsch,1
11992,Jalle19,2
11992,ksooo,3
11991,ksooo,1
11990,Razzeee,2
11990,ksooo,2
11989,Razzeee,1
11988,MartijnKaijser,1
11988,koying,1
11988,peak3d,1
11987,Razzeee,2
11987,ksooo,3
11986,FernetMenta,1
11986,MartijnKaijser,1
11986,koying,1
11986,lrusak,11
11986,popcornmix,1
11986,stefansaraev,2
11986,hudokkow,1
11986,Mettbrot,1
11985,ksooo,4
11984,Rechi,2
11983,FernetMenta,1
11983,ksooo,3
11982,Rechi,1
11982,AchimTuran,1
11982,afedchin,7
11981,Razzeee,1
11981,ksooo,1
11980,MartijnKaijser,1
11980,tamland,1
11979,MartijnKaijser,1
11979,tamland,1
11978,MartijnKaijser,2
11978,garbear,2
11978,koying,2
11978,da-anda,1
11977,MartijnKaijser,2
11977,Rechi,1
11976,MrMC,1
11976,kekePower,1
11975,MartijnKaijser,1
11974,MilhouseVH,1
11974,ksooo,3
11972,ksooo,1
11971,ksooo,2
11970,MartijnKaijser,2
11970,koying,1
11967,ksooo,1
11967,tamland,3
11966,Rechi,1
11965,Rechi,1
11965,fritsch,2
11964,FernetMenta,1
11964,ksooo,2
11963,Razzeee,2
11962,MartijnKaijser,1
11962,AchimTuran,4
11962,fritsch,3
11962,t6,1
11961,MartijnKaijser,1
11960,MartijnKaijser,1
11959,chewitt,1
11959,ksooo,2
11959,Tadly,1
11959,carman50,1
11958,ksooo,2
11958,phil65,1
11956,MrMC,1
11956,Razzeee,3
11956,pablopoo,1
11954,Montellese,2
11954,Rechi,3
11954,ace20022,4
11953,MartijnKaijser,2
11950,FernetMenta,1
11947,fritsch,2
11946,FernetMenta,11
11946,Rechi,5
11946,ksooo,1
11946,peak3d,4
11946,stefansaraev,4
11946,popcornmix,2
11946,fritsch,2
11946,hudokkow,1
11945,Rechi,1
11945,Cyr-ius,1
11944,garbear,4
11944,MartijnKaijser,1
11944,Rechi,1
11938,MilhouseVH,1
11938,ksooo,3
11936,mazeyx,1
11936,gary9872,1
11935,MartijnKaijser,1
11935,kszaq,1
11934,ksooo,3
11933,Memphiz,1
11932,Memphiz,1
11931,MrMC,1
11931,MartijnKaijser,1
11931,koying,1
11931,peak3d,1
11930,Rechi,3
11930,wsnipex,3
11929,tamland,2
11929,ksooo,7
11929,Paxxi,2
11927,popcornmix,2
11926,DaveTBlake,2
11924,MartijnKaijser,1
11923,popcornmix,1
11923,wsnipex,2
11922,Rechi,1
11921,Rechi,1
11921,ronie,1
11921,asavah,1
11920,ksooo,1
11919,ksooo,1
11918,ksooo,2
11918,Paxxi,1
11918,frytek,1
11917,xhaggi,1
11917,ksooo,3
11914,garbear,2
11913,Montellese,1
11913,wsnipex,2
11912,stefansaraev,6
11912,Rechi,2
11912,notspiff,2
11912,Paxxi,4
11911,garbear,2
11911,Rechi,4
11911,wsnipex,1
11911,tudstudent,1
11910,FernetMenta,2
11910,BrandonSchaefer,1
11910,Rechi,1
11909,stefansaraev,1
11909,Rechi,2
11908,MilhouseVH,3
11908,wsnipex,3
11907,stefansaraev,1
11907,wsnipex,2
11907,fritsch,1
11906,ksooo,1
11905,FernetMenta,2
11905,ksooo,10
11904,wsnipex,1
11903,garbear,2
11902,MartijnKaijser,1
11902,wsnipex,2
11901,MartijnKaijser,1
11901,koying,3
11900,MartijnKaijser,1
11900,da-anda,1
11898,xhaggi,1
11898,ksooo,1
11897,Rechi,1
11897,Paxxi,1
11896,wsnipex,2
11896,hudokkow,1
11896,Rechi,1
11895,FernetMenta,1
11895,xhaggi,1
11895,ksooo,1
11894,kaendfinger,1
11893,Rechi,2
11892,MediaBrasil,1
11892,garbear,1
11892,Rechi,3
11891,ace20022,2
11890,wsnipex,1
11889,ace20022,1
11888,Rechi,6
11888,koying,7
11888,wsnipex,4
11887,xhaggi,12
11887,ksooo,7
11886,xhaggi,4
11886,Montellese,2
11885,MartijnKaijser,1
11885,wsnipex,2
11885,koying,1
11881,stefansaraev,1
11881,Rechi,3
11881,wsnipex,1
11880,wsnipex,1
11879,xhaggi,3
11879,Jalle19,2
11879,ksooo,8
11879,MilhouseVH,1
11877,xhaggi,2
11877,stefansaraev,1
11877,ksooo,2
11875,stefansaraev,1
11875,koying,3
11875,hudokkow,1
11873,HiassofT,1
11873,MilhouseVH,1
11873,DaveTBlake,2
11870,koying,2
11869,xhaggi,11
11869,Montellese,1
11869,ksooo,5
11869,Paxxi,1
11868,FernetMenta,5
11868,fritsch,1
11868,DaveTBlake,6
11867,wsnipex,5
11867,Rechi,1
11866,MartijnKaijser,1
11866,fritsch,1
11866,koying,2
11866,peak3d,1
11865,FernetMenta,8
11865,MartijnKaijser,1
11865,DaveTBlake,10
11863,ksooo,2
11862,Rechi,1
11862,ace20022,2
11860,MartijnKaijser,1
11860,thebrid,2
11860,wsnipex,1
11860,Paxxi,1
11860,MilhouseVH,1
11857,Rechi,3
11856,kszaq,3
11856,peak3d,3
11855,FernetMenta,1
11855,popcornmix,2
11853,ksooo,1
11852,MartijnKaijser,1
11852,Rechi,2
11852,tamland,1
11852,peak3d,2
11851,garbear,1
11851,Jalle19,2
11851,wsnipex,1
11851,jacob-baines,1
11851,MrMC,4
11851,fritsch,1
11851,Tolriq,6
11851,tavoc,1
11849,FernetMenta,2
11849,ksooo,5
11848,xhaggi,1
11848,Jalle19,1
11848,ksooo,1
11848,da-anda,1
11847,xhaggi,6
11847,ksooo,3
11846,MartijnKaijser,2
11845,Rechi,2
11843,ksooo,3
11841,tamland,1
11840,tamland,1
11839,Paxxi,3
11838,FernetMenta,4
11838,MartijnKaijser,1
11838,TheDevKing,5
11837,garbear,2
11836,popcornmix,1
11836,ace20022,3
11836,Hedda,1
11835,wsnipex,1
11835,Rechi,3
11835,Paxxi,1
11835,afedchin,1
11834,MartijnKaijser,1
11834,hudokkow,4
11831,Rechi,1
11830,Montellese,1
11830,wsnipex,1
11829,Rechi,1
11829,wsnipex,1
11826,Paxxi,1
11825,Paxxi,1
11824,garbear,11
11824,MartijnKaijser,1
11824,wsnipex,1
11823,ksooo,1
11822,Rechi,1
11821,wsnipex,2
11821,Paxxi,2
11820,candrews,1
11820,Rechi,1
11820,Paxxi,1
11819,Paxxi,3
11818,garbear,1
11817,MartijnKaijser,1
11817,phil65,1
11816,MrMC,1
11816,chewitt,1
11816,wrxtasy,2
11816,MartijnKaijser,1
11816,Stane1983,1
11814,garbear,1
11814,wsnipex,3
11814,Rechi,1
11814,MilhouseVH,1
11814,thebrid,4
11814,DaveTBlake,1
11814,Paxxi,1
11813,wsnipex,1
11813,Cyr-ius,1
11809,MartijnKaijser,1
11809,kwade00,1
11809,Paxxi,1
11807,Paxxi,4
11805,FernetMenta,2
11805,mac-l1,1
11805,wsnipex,1
11804,Montellese,1
11804,wrxtasy,1
11804,chewitt,1
11803,DaveTBlake,1
11802,FernetMenta,1
11801,MilhouseVH,1
11801,Uatschitchun,1
11801,DaveTBlake,1
11799,MartijnKaijser,1
11799,escalade,1
11799,garbear,1
11798,Rechi,3
11798,wsnipex,2
11798,Paxxi,1
11795,ace20022,2
11794,FernetMenta,2
11794,magicamun,1
11793,garbear,3
11793,CiNcH83,1
11792,ace20022,2
11791,ace20022,1
11789,MartijnKaijser,2
11789,ace20022,1
11788,MartijnKaijser,1
11787,MartijnKaijser,1
11786,DaveTBlake,1
11785,DaveTBlake,2
11784,peak3d,2
11782,xhaggi,2
11782,ksooo,6
11782,da-anda,2
11781,ksooo,1
11780,Montellese,1
11780,Rechi,1
11780,Paxxi,5
11779,ksooo,1
11778,MartijnKaijser,1
11777,ace20022,1
11776,MartijnKaijser,1
11776,ace20022,1
11775,ksooo,2
11774,MartijnKaijser,1
11774,Paxxi,2
11773,Paxxi,1
11772,FernetMenta,1
11772,mac-l1,3
11772,koenkooi,1
11772,Hedda,1
11772,lrusak,1
11771,wsnipex,1
11771,fritsch,1
11771,DaveTBlake,1
11770,ksooo,1
11769,metaron-uk,1
11769,ksooo,2
11768,MartijnKaijser,1
11767,MartijnKaijser,1
11767,tamland,1
11766,ronie,1
11765,FernetMenta,13
11765,popcornmix,1
11765,AchimTuran,5
11765,wsnipex,3
11765,peak3d,1
11764,garbear,3
11764,MartijnKaijser,1
11763,wsnipex,1
11763,peak3d,1
11762,wsnipex,2
11762,Paxxi,1
11761,FernetMenta,2
11761,metaron-uk,2
11761,ksooo,1
11760,DaveTBlake,2
11759,arnova,3
11759,fritsch,5
11759,DaveTBlake,8
11759,phate89,1
11756,HitcherUK,1
11756,ronie,1
11753,janbar,1
11753,metaron-uk,7
11753,ksooo,6
11752,fritsch,2
11751,FernetMenta,1
11750,ksooo,1
11749,ksooo,1
11748,ksooo,1
11747,rmrector,1
11747,Razzeee,3
11747,dgam1,6
11747,ksooo,8
11746,ksooo,1
11745,ksooo,1
11743,ksooo,1
11743,ronie,1
11742,DaveTBlake,1
11741,MartijnKaijser,1
11741,koying,1
11741,Paxxi,6
11741,Memphiz,1
11740,ace20022,2
11739,MartijnKaijser,2
11739,Rechi,1
11738,MartijnKaijser,2
11738,Rechi,3
11738,DaveTBlake,2
11737,ksooo,2
11736,ksooo,2
11734,ronie,2
11733,mazeyx,1
11732,Paxxi,1
11731,FernetMenta,1
11731,ace20022,1
11730,MartijnKaijser,1
11729,fritsch,1
11728,fritsch,1
11727,Rechi,1
11727,ronie,2
11726,DaveTBlake,1
11723,FernetMenta,3
11723,koying,1
11723,peak3d,1
11720,notspiff,1
11715,MartijnKaijser,1
11715,koying,1
11715,ace20022,2
11714,MartijnKaijser,4
11714,FernetMenta,1
11713,FernetMenta,2
11713,MartijnKaijser,1
11713,Rechi,1
11713,ksooo,1
11713,dgam1,1
11712,stefansaraev,1
11712,tamland,1
11710,MartijnKaijser,1
11710,0d1n92,1
11708,MartijnKaijser,1
11708,phil65,2
11708,jjd-uk,2
11708,ronie,2
11707,garbear,2
11707,jjd-uk,1
11706,ksooo,2
11705,ksooo,1
11704,xhaggi,4
11704,ksooo,3
11704,ronie,1
11703,DaveTBlake,1
11702,DaveTBlake,1
11701,popcornmix,1
11701,notspiff,1
11700,Paxxi,2
11699,MartijnKaijser,1
11698,wsnipex,1
11697,MartijnKaijser,1
11696,MartijnKaijser,1
11696,tamland,1
11695,MartijnKaijser,1
11695,bkuhls,1
11695,wsnipex,1
11694,wsnipex,1
11692,jjd-uk,1
11688,garbear,1
11687,garbear,2
11686,MartijnKaijser,1
11685,fritsch,1
11684,MartijnKaijser,1
11683,MartijnKaijser,1
11680,DaveTBlake,1
11679,ksooo,2
11678,ronie,1
11678,hudokkow,1
11677,Rechi,1
11676,Jalle19,1
11676,ksooo,2
11675,phil65,2
11675,BigNoid,1
11675,ronie,2
11675,Hedda,1
11675,harryberlin,4
11672,MartijnKaijser,3
11672,garbear,2
11671,hudokkow,1
11670,peak3d,1
11669,ksooo,1
11669,phil65,1
11668,MartijnKaijser,1
11668,MilhouseVH,1
11668,fritsch,2
11667,FernetMenta,1
11667,stefansaraev,1
11667,koying,1
11667,peak3d,2
11666,popcornmix,1
11664,MartijnKaijser,3
11662,MartijnKaijser,1
11662,garbear,1
11661,MartijnKaijser,1
11661,wsnipex,1
11661,bkuhls,1
11660,basrieter,1
11659,MartijnKaijser,2
11659,wsnipex,3
11659,bkuhls,2
11658,MartijnKaijser,1
11656,wsnipex,3
11653,fritsch,2
11652,MrMC,1
11652,fritsch,6
11651,FernetMenta,3
11651,basrieter,2
11651,MartijnKaijser,1
11651,posti85,1
11651,popcornmix,3
11651,DaveTBlake,1
11650,fritsch,1
11650,notspiff,1
11649,notspiff,3
11649,gade01,2
11649,da-anda,3
11647,MartijnKaijser,1
11647,garbear,1
11646,FernetMenta,9
11646,asavah,1
11646,b-pass,8
11646,markmoroni,1
11646,kszaq,2
11646,fritsch,1
11645,garbear,4
11645,Paxxi,3
11645,LS80,1
11641,garbear,1
11640,Paxxi,1
11639,MartijnKaijser,1
11635,MartijnKaijser,3
11635,garbear,1
11635,Rechi,2
11635,jsoref,2
11632,MartijnKaijser,1
11632,akva2,1
11632,notspiff,1
11632,ronie,2
11632,DaveTBlake,2
11631,anthonyryan1,1
11631,koenkooi,1
11631,hudokkow,1
11630,garbear,1
11630,Razzeee,1
11630,drthaipham,2
11629,drthaipham,1
11626,MartijnKaijser,1
11626,Memphiz,1
11624,garbear,2
11623,garbear,8
11622,zuckschwerdt,3
11622,phate89,3
11622,DaveTBlake,7
11622,Montellese,1
11621,garbear,1
11620,FernetMenta,1
11620,MilhouseVH,1
11620,mbr1975,1
11620,peak3d,2
11620,lrusak,1
11620,popcornmix,2
11620,stefansaraev,2
11620,fritsch,7
11619,MrMC,3
11619,popcornmix,4
11619,fritsch,12
11619,FernetMenta,1
11619,arnova,1
11618,ksooo,1
11617,ksooo,2
11616,garbear,1
11615,ksooo,3
11614,MartijnKaijser,1
11614,Rechi,4
11614,tamland,4
11613,dgam1,3
11613,Paxxi,2
11613,da-anda,1
11611,FernetMenta,2
11611,fritsch,1
11610,MartijnKaijser,1
11609,DaveTBlake,3
11608,ksooo,1
11607,MartijnKaijser,2
11607,FernetMenta,1
11607,drthaipham,1
11607,da-anda,1
11606,Jalle19,1
11606,ksooo,2
11605,ksooo,1
11604,MartijnKaijser,1
11603,MartijnKaijser,1
11603,DaveTBlake,1
11601,phil65,1
11601,hudokkow,1
11600,garbear,1
11599,ronie,1
11599,phil65,1
11598,MartijnKaijser,1
11598,ghost,1
11597,MartijnKaijser,2
11596,MartijnKaijser,2
11595,MartijnKaijser,1
11594,ksooo,1
11594,joethefox,1
11593,MartijnKaijser,1
11593,Jalle19,1
11593,ksooo,3
11592,FernetMenta,4
11592,MartijnKaijser,1
11592,peak3d,1
11592,afedchin,1
11590,kdejaeger,1
11588,peak3d,1
11587,MartijnKaijser,1
11587,koying,1
11586,garbear,1
11586,MartijnKaijser,1
11585,MartijnKaijser,1
11585,Rechi,1
11585,notspiff,1
11585,nsenica,5
11585,popcornmix,1
11585,wsnipex,2
11585,Paxxi,1
11584,MartijnKaijser,2
11584,nsenica,1
11583,nsenica,1
11582,MartijnKaijser,1
11582,BigNoid,6
11582,koying,1
11582,ghost,7
11582,mortael,1
11582,popcornmix,1
11582,DaveTBlake,1
11581,MartijnKaijser,2
11581,FernetMenta,1
11580,xhaggi,1
11580,MartijnKaijser,1
11580,ronie,1
11579,MartijnKaijser,1
11579,ksooo,1
11579,Paxxi,1
11576,garbear,1
11575,garbear,3
11573,afedchin,1
11572,MartijnKaijser,1
11572,afedchin,1
11571,garbear,3
11570,Jalle19,1
11570,ksooo,4
11569,Montellese,1
11568,Razzeee,1
11568,Rechi,1
11568,hudokkow,1
11568,cjmayo,1
11567,MartijnKaijser,2
11567,Rechi,1
11566,MartijnKaijser,1
11565,Rechi,1
11565,hudokkow,1
11563,MartijnKaijser,1
11562,MartijnKaijser,1
11561,MartijnKaijser,4
11561,Paxxi,2
11561,ghost,7
11559,FernetMenta,2
11559,b-pass,1
11558,Rechi,2
11558,koying,1
11557,FernetMenta,2
11557,Montellese,1
11557,DaveTBlake,5
11557,da-anda,2
11556,FernetMenta,1
11555,MartijnKaijser,1
11555,notspiff,1
11555,hudokkow,1
11554,xhaggi,6
11554,phil65,1
11554,IchabodFletchman,1
11554,Leatherface75,1
11551,MartijnKaijser,2
11551,FernetMenta,1
11551,afedchin,1
11550,MartijnKaijser,2
11550,Paxxi,1
11550,afedchin,3
11548,MartijnKaijser,1
11547,MartijnKaijser,2
11547,arnova,2
11547,Rechi,1
11547,DaveTBlake,2
11547,Paxxi,1
11546,MartijnKaijser,2
11546,MilhouseVH,4
11546,Razzeee,2
11546,arnova,4
11546,da-anda,1
11545,jjd-uk,1
11545,HitcherUK,5
11545,ronie,3
11545,da-anda,2
11544,FernetMenta,2
11544,arnova,5
11544,ronie,1
11544,MartijnKaijser,1
11544,gade01,2
11543,MartijnKaijser,1
11543,popcornmix,1
11543,Rechi,1
11543,DaveTBlake,3
11542,ksooo,1
11541,ksooo,3
11541,tamland,2
11538,MartijnKaijser,1
11537,ksooo,1
11536,ksooo,1
11536,Paxxi,1
11535,fritsch,1
11534,MartijnKaijser,1
11533,hudokkow,1
11532,fritsch,1
11531,MartijnKaijser,1
11531,fritsch,1
11531,Paxxi,1
11530,FernetMenta,9
11530,arnova,4
11530,Rechi,1
11530,fritsch,3
11530,DaveTBlake,8
11529,Rechi,2
11529,wsnipex,1
11528,MartijnKaijser,1
11527,MartijnKaijser,3
11527,akva2,1
11527,notspiff,2
11527,hudokkow,1
11527,Paxxi,2
11524,hudokkow,2
11524,Paxxi,1
11523,Rechi,1
11522,DaveTBlake,2
11521,MartijnKaijser,1
11521,fritsch,1
11519,DaveTBlake,1
11518,fritsch,1
11517,MartijnKaijser,1
11516,MartijnKaijser,1
11515,MartijnKaijser,1
11515,ksooo,1
11514,Paxxi,1
11513,fritsch,1
11513,ronie,1
11512,MartijnKaijser,2
11512,FernetMenta,1
11511,MartijnKaijser,2
11511,Rechi,1
11511,hudokkow,2
11509,Rechi,1
11507,ksooo,1
11506,ksooo,1
11505,MartijnKaijser,1
11505,Montellese,2
11505,notspiff,1
11505,Paxxi,2
11504,LipkeGu,1
11504,opdenkamp,1
11502,FernetMenta,1
11502,fritsch,5
11502,da-anda,3
11501,xhaggi,2
11501,jjd-uk,2
11501,ronie,1
11500,ksooo,1
11499,MartijnKaijser,1
11499,thebrid,2
11499,notspiff,3
11499,hudokkow,4
11499,da-anda,1
11498,ksooo,2
11497,ksooo,2
11496,Rechi,1
11496,Paxxi,1
11495,MartijnKaijser,1
11495,ronie,1
11494,MartijnKaijser,2
11493,phil65,1
11490,MartijnKaijser,2
11490,fergalmoran,2
11490,phil65,1
11490,stefansaraev,1
11489,DaveTBlake,1
11487,MartijnKaijser,2
11487,wsnipex,1
11487,hudokkow,1
11487,Kwiboo,1
11485,MartijnKaijser,2
11485,hudokkow,1
11484,phil65,1
11484,ronie,1
11483,stefansaraev,2
11483,peak3d,2
11482,MartijnKaijser,1
11482,ronie,2
11480,Paxxi,1
11478,arnova,1
11478,BigNoid,3
11478,koying,1
11478,DaveTBlake,5
11478,Paxxi,1
11477,stefansaraev,9
11477,wsnipex,2
11477,Rechi,3
11477,peak3d,15
11477,Paxxi,1
11476,phil65,3
11475,jjd-uk,1
11475,DaveTBlake,2
11474,DaveTBlake,2
11471,MartijnKaijser,1
11471,koying,2
11471,da-anda,3
11470,wsnipex,1
11467,MartijnKaijser,2
11467,wsnipex,1
11467,notspiff,2
11467,fetzerch,1
11467,stefansaraev,1
11467,AlwinEsch,1
11467,tamland,1
11466,MartijnKaijser,2
11465,MartijnKaijser,2
11464,MartijnKaijser,1
11463,MartijnKaijser,1
11462,MartijnKaijser,1
11462,wsnipex,2
11462,Memphiz,3
11460,wsnipex,1
11460,fetzerch,1
11460,Rechi,1
11457,MartijnKaijser,1
11457,popcornmix,1
11457,jjd-uk,2
11457,fritsch,1
11456,phil65,1
11455,MartijnKaijser,2
11455,notspiff,2
11455,phil65,1
11455,tamland,1
11454,phil65,1
11454,ronie,1
11454,enen92,1
11453,fritsch,1
11452,MartijnKaijser,2
11452,wsnipex,2
11452,notspiff,1
11452,hudokkow,2
11452,Kwiboo,2
11451,stefansaraev,2
11451,Memphiz,1
11451,hudokkow,1
11451,candrews,1
11451,cjmayo,3
11449,MartijnKaijser,1
11449,jjd-uk,1
11448,MartijnKaijser,1
11447,MartijnKaijser,2
11447,Kwiboo,1
11446,arnova,1
11446,Paxxi,1
11445,fedux,1
11445,Paxxi,1
11444,wsnipex,2
11444,samnazarko,2
11443,candrews,1
11443,hudokkow,1
11442,candrews,1
11440,wsnipex,2
11440,hudokkow,1
11440,lrusak,2
11439,AlwinEsch,1
11437,Rechi,1
11437,hudokkow,1
11435,MartijnKaijser,1
11434,xhaggi,2
11434,Jalle19,2
11434,ksooo,17
11434,ronie,1
11434,da-anda,6
11433,MartijnKaijser,3
11433,Paxxi,2
11433,akva2,1
11433,opdenkamp,1
11433,Portisch,3
11432,Paxxi,1
11427,MartijnKaijser,2
11427,opdenkamp,1
11424,BigNoid,1
11424,HitcherUK,1
11424,ronie,1
11423,Paxxi,1
11422,wsnipex,1
11421,phil65,6
11419,garbear,1
11419,phil65,1
11418,phate89,8
11418,phil65,5
11417,FernetMenta,1
11417,MrMC,4
11417,fritsch,2
11417,peak3d,8
11416,FernetMenta,1
11416,peak3d,1
11415,ronie,3
11415,akva2,2
11415,DaveTBlake,2
11415,Montellese,1
11414,ronie,1
11414,ksooo,2
11414,phil65,1
11413,MartijnKaijser,2
11413,FernetMenta,2
11413,Paxxi,4
11413,jsoref,4
11412,Paxxi,1
11411,Paxxi,2
11410,FernetMenta,1
11410,hudokkow,1
11408,MartijnKaijser,2
11405,MartijnKaijser,2
11405,jsoref,2
11404,popcornmix,1
11400,FernetMenta,1
11400,garbear,1
11400,wsnipex,3
11400,Memphiz,5
11400,MartijnKaijser,1
11400,fritsch,9
11400,tgurr,1
11399,fritsch,2
11398,FernetMenta,1
11397,ksooo,2
11396,FernetMenta,1
11396,thebrid,3
11395,FernetMenta,6
11395,stefansaraev,1
11395,fritsch,5
11395,fetzerch,2
11394,jenkins4kodi,1
11394,fritsch,1
11394,ndogxj,1
11393,fritsch,1
11393,fetzerch,1
11393,peak3d,1
11392,nsenica,1
11391,MartijnKaijser,1
11390,FernetMenta,1
11389,MartijnKaijser,2
11388,FernetMenta,2
11388,MartijnKaijser,4
11388,Memphiz,3
11387,FernetMenta,1
11387,thebrid,2
11387,ksooo,1
11387,ace20022,2
11387,Paxxi,1
11386,stefansaraev,1
11385,fritsch,2
11385,peak3d,1
11384,Paxxi,1
11383,FernetMenta,9
11383,ksooo,3
11383,notspiff,6
11383,MartijnKaijser,1
11383,Paxxi,3
11381,MartijnKaijser,2
11381,CiNcH83,2
11381,koying,1
11380,garbear,3
11380,fetzerch,2
11380,akva2,3
11379,Razzeee,2
11379,BigNoid,1
11379,phil65,2
11379,gade01,1
11378,ronie,3
11378,wsnipex,2
11378,hudokkow,1
11378,Kwiboo,3
11378,AlwinEsch,2
11377,Jalle19,2
11377,zag2me,1
11376,MrMC,1
11376,MartijnKaijser,1
11376,fritsch,1
11376,koying,1
11376,ndogxj,1
11375,FernetMenta,2
11375,Jalle19,2
11374,FernetMenta,6
11374,afedchin,3
11372,Jalle19,1
11372,Paxxi,1
11371,opdenkamp,1
11370,wsnipex,3
11370,hudokkow,2
11370,nsenica,3
11368,ksooo,2
11367,FernetMenta,1
11367,Memphiz,1
11366,MartijnKaijser,1
11366,Jalle19,1
11366,notspiff,1
11366,Paxxi,1
11366,jsoref,1
11365,popcornmix,1
11365,jsoref,1
11364,jsoref,1
11363,Jalle19,3
11363,Paxxi,1
11363,jsoref,3
11362,Paxxi,1
11362,jsoref,1
11361,wsnipex,1
11361,opdenkamp,2
11360,FernetMenta,2
11360,phil65,2
11359,Jalle19,1
11359,ksooo,1
11358,ronie,2
11358,DaveTBlake,2
11357,Jalle19,6
11357,wsnipex,2
11357,Montellese,1
11356,FernetMenta,1
11356,fritsch,1
11355,MartijnKaijser,1
11354,MartijnKaijser,2
11354,FernetMenta,1
11352,stefansaraev,1
11352,wsnipex,5
11352,nsenica,4
11352,popcornmix,1
11351,FernetMenta,2
11351,MartijnKaijser,1
11350,jsoref,1
11348,FernetMenta,2
11348,stefansaraev,1
11348,MartijnKaijser,1
11348,Paxxi,2
11348,jsoref,1
11347,FernetMenta,3
11347,Memphiz,2
11346,MartijnKaijser,3
11346,garbear,1
11346,Razzeee,1
11346,AlwinEsch,2
11346,DaveTBlake,1
11346,jsoref,7
11344,nsenica,1
11343,popcornmix,1
11343,wsnipex,3
11343,nsenica,1
11343,lrusak,1
11342,koying,1
11341,afedchin,2
11340,afedchin,1
11339,FernetMenta,1
11339,fritsch,2
11338,mk01,1
11338,fritsch,1
11337,koying,1
11337,da-anda,2
11336,ksooo,1
11335,FernetMenta,1
11335,t4-ravenbird,1
11335,verybadsoldier,1
11334,garbear,7
11334,FernetMenta,9
11334,fetzerch,3
11334,a1rwulf,2
11333,FernetMenta,1
11333,popcornmix,1
11333,fritsch,1
11332,MartijnKaijser,1
11332,fetzerch,1
11332,hudokkow,1
11332,nsenica,2
11331,MartijnKaijser,2
11331,garbear,1
11331,fritsch,1
11330,garbear,1
11329,MartijnKaijser,1
11329,CiNcH83,2
11326,MartijnKaijser,2
11325,MartijnKaijser,1
11325,Memphiz,1
11324,FernetMenta,3
11324,MartijnKaijser,2
11324,Memphiz,1
11323,FernetMenta,3
11323,MartijnKaijser,2
11323,peak3d,3
11323,Memphiz,2
11322,ksooo,1
11321,popcornmix,1
11321,wsnipex,2
11321,nsenica,2
11320,MartijnKaijser,1
11319,fritsch,1
11318,FernetMenta,1
11318,fritsch,1
11316,FernetMenta,1
11314,FernetMenta,1
11314,MartijnKaijser,1
11313,lrusak,1
11312,Kwiboo,1
11311,ronie,1
11308,MartijnKaijser,1
11307,fritsch,1
11307,DaveTBlake,1
11306,MartijnKaijser,2
11306,ronie,1
11305,ksooo,3
11304,MartijnKaijser,3
11304,FernetMenta,1
11303,DaveTBlake,1
11302,wsnipex,1
11302,fetzerch,1
11301,FernetMenta,3
11300,notspiff,2
11300,DaveTBlake,3
11299,FernetMenta,1
11299,mk01,2
11298,phil65,2
11298,ksooo,2
11298,ronie,1
11297,FernetMenta,1
11297,mk01,2
11297,fritsch,3
11296,FernetMenta,1
11296,fritsch,2
11296,DaveTBlake,3
11295,BigNoid,1
11295,HitcherUK,1
11295,phil65,1
11294,MartijnKaijser,1
11291,phil65,1
11291,lrusak,1
11290,MartijnKaijser,1
11289,MartijnKaijser,1
11289,arnova,1
11289,fritsch,1
11288,mk01,1
11288,fetzerch,1
11288,lrusak,2
11287,MartijnKaijser,1
11286,MartijnKaijser,2
11286,FrankHeimes,2
11286,FernetMenta,1
11286,DaveTBlake,1
11285,FernetMenta,2
11285,Jalle19,1
11285,ksooo,2
11285,phil65,1
11284,ksooo,4
11283,ksooo,2
11283,fritsch,2
11283,Jalle19,1
11282,MartijnKaijser,1
11282,fritsch,1
11282,koying,1
11282,da-anda,2
11281,MartijnKaijser,1
11280,fritsch,1
11279,MartijnKaijser,1
11279,garbear,2
11279,ksooo,1
11277,FernetMenta,3
11277,MartijnKaijser,8
11277,t4-ravenbird,2
11277,verybadsoldier,10
11277,chewitt,1
11277,stefansaraev,1
11276,FernetMenta,1
11275,FernetMenta,2
11275,garbear,1
11275,zag2me,1
11275,joethefox,3
11275,da-anda,1
11274,MartijnKaijser,1
11274,stefansaraev,1
11274,wsnipex,1
11274,hudokkow,1
11274,lrusak,1
11273,FernetMenta,1
11272,FernetMenta,3
11272,Rechi,2
11272,fritsch,2
11270,xhaggi,3
11270,Jalle19,1
11270,ksooo,5
11268,wsnipex,1
11268,fetzerch,1
11267,MartijnKaijser,1
11267,Montellese,1
11266,popy2k14,1
11266,ksooo,4
11266,janbar,2
11265,ksooo,1
11264,Memphiz,1
11263,ksooo,1
11262,garbear,1
11261,wsnipex,3
11261,lrusak,3
11260,wsnipex,2
11260,hudokkow,2
11260,codesnake,1
11260,TotalCaesar659,2
11259,cjmayo,1
11258,ronie,1
11255,ronie,1
11254,BigNoid,1
11254,phil65,2
11251,FernetMenta,5
11251,garbear,1
11251,Rechi,4
11251,MartijnKaijser,2
11251,Paxxi,1
11250,MartijnKaijser,1
11249,ksooo,3
11249,phil65,1
11248,Paxxi,1
11247,fritsch,1
11246,Paxxi,1
11244,mgrep,3
11244,wsnipex,3
11244,hudokkow,3
11244,Paxxi,1
11243,MartijnKaijser,1
11243,Rechi,1
11243,fetzerch,7
11243,Memphiz,1
11242,MartijnKaijser,1
11242,da-anda,1
11242,phil65,2
11242,Memphiz,3
11241,AlwinEsch,1
11240,da-anda,1
11239,ksooo,1
11239,da-anda,1
11238,AlwinEsch,1
11237,fetzerch,1
11235,phil65,1
11235,BigNoid,1
11235,ronie,1
11233,xhaggi,1
11233,phil65,4
11232,ksooo,1
11232,janbar,2
11231,janbar,6
11231,FernetMenta,1
11231,ksooo,6
11230,ronie,3
11229,ronie,1
11229,BigNoid,1
11229,phil65,3
11228,ronie,2
11228,phil65,1
11226,FernetMenta,1
11225,FernetMenta,7
11225,Jalle19,1
11225,ksooo,13
11225,janbar,9
11224,wsnipex,1
11223,ksooo,2
11221,wsnipex,5
11218,phil65,1
11217,ksooo,1
11217,Memphiz,1
11215,ronie,1
11214,FernetMenta,1
11213,wsnipex,3
11213,fetzerch,2
11213,hudokkow,1
11213,hauihau,5
11213,cjmayo,1
11212,Paxxi,1
11211,ksooo,1
11210,MartijnKaijser,1
11210,Jalle19,1
11210,wsnipex,1
11210,herrnst,1
11208,MartijnKaijser,1
11205,phil65,4
11205,ronie,2
11204,ronie,1
11203,ksooo,1
11202,stefansaraev,1
11202,fetzerch,6
11202,hudokkow,1
11202,Memphiz,3
11201,AlwinEsch,1
11200,AlwinEsch,2
11199,AlwinEsch,1
11198,AlwinEsch,1
11197,MartijnKaijser,1
11197,mcaptur,1
11197,ksooo,2
11196,MartijnKaijser,1
11193,popcornmix,1
11192,MartijnKaijser,1
11191,AlwinEsch,1
11191,wsnipex,2
11190,AlwinEsch,2
11189,wsnipex,1
11188,MartijnKaijser,2
11187,MartijnKaijser,1
11187,stefansaraev,1
11186,FernetMenta,2
11186,wsnipex,2
11186,peak3d,4
11185,MartijnKaijser,1
11185,wsnipex,2
11185,maxnet,1
11184,ksooo,2
11183,stefansaraev,1
11183,fetzerch,1
11183,hudokkow,2
11182,FernetMenta,1
11182,AlwinEsch,6
11182,akva2,1
11182,Paxxi,2
11181,AlwinEsch,1
11180,MartijnKaijser,2
11179,garbear,1
11179,AlwinEsch,2
11178,FernetMenta,1
11178,popcornmix,3
11177,ksooo,1
11176,AlwinEsch,1
11175,croneter,3
11175,Memesa,6
11175,jjd-uk,2
11175,DaveTBlake,7
11175,MartijnKaijser,1
11174,hudokkow,1
11172,AlwinEsch,4
11172,akva2,1
11172,hauihau,1
11172,hudokkow,1
11171,MartijnKaijser,1
11171,afedchin,1
11170,AlwinEsch,3
11169,Memesa,3
11169,jjd-uk,3
11169,DaveTBlake,2
11168,ksooo,2
11167,AlwinEsch,1
11166,MartijnKaijser,1
11165,MartijnKaijser,1
11164,FernetMenta,1
11164,AlwinEsch,2
11162,garbear,1
11162,MartijnKaijser,2
11162,CiNcH83,1
11162,NedScott,1
11161,MartijnKaijser,1
11161,wsnipex,1
11160,wsnipex,1
11160,fetzerch,1
11160,Rechi,1
11159,stefansaraev,1
11159,fritsch,2
11159,codesnake,3
11159,peak3d,3
11158,wsnipex,1
11158,fetzerch,1
11157,popcornmix,1
11157,wsnipex,3
11157,hudokkow,1
11156,BigNoid,1
11156,phil65,1
11155,AlwinEsch,1
11154,AlwinEsch,2
11153,hudokkow,1
11152,hudokkow,1
11151,hudokkow,2
11151,cjmayo,1
11150,MartijnKaijser,1
11150,stefansaraev,2
11150,codesnake,1
11150,peak3d,1
11149,MartijnKaijser,3
11149,wsnipex,1
11149,mazeyx,3
11147,FernetMenta,2
11147,MartijnKaijser,2
11147,notspiff,8
11147,hephooey,5
11147,fritsch,2
11147,DaveTBlake,1
11147,Paxxi,1
11146,wsnipex,1
11145,wsnipex,1
11144,garbear,4
11144,MartijnKaijser,2
11144,fetzerch,1
11144,hudokkow,3
11144,stefansaraev,1
11143,AlwinEsch,1
11143,mcaptur,2
11143,ksooo,7
11142,hudokkow,2
11140,hudokkow,1
11139,FernetMenta,1
11139,stefansaraev,1
11139,wsnipex,1
11139,akva2,1
11139,MartijnKaijser,2
11138,FernetMenta,1
11138,CiNcH83,1
11138,fritsch,1
11137,stefansaraev,1
11137,hudokkow,5
11137,candrews,1
11135,AlwinEsch,1
11134,AlwinEsch,1
11130,MartijnKaijser,1
11130,candrews,1
11129,MartijnKaijser,1
11129,AlwinEsch,2
11129,afedchin,1
11127,ksooo,1
11126,ksooo,2
11126,phil65,1
11125,FernetMenta,9
11125,garbear,6
11125,phil65,11
11124,tamland,1
11122,ronie,1
11121,ronie,1
11120,candrews,1
11120,tamland,1
11118,FernetMenta,1
11117,MartijnKaijser,1
11116,wsnipex,1
11116,tamland,1
11115,Jalle19,1
11115,ksooo,4
11114,MartijnKaijser,1
11114,phil65,3
11114,ronie,2
11113,candrews,1
11112,candrews,1
11111,MartijnKaijser,3
11111,candrews,2
11111,wsnipex,1
11110,ronie,6
11109,MartijnKaijser,2
11109,AlwinEsch,2
11109,FernetMenta,1
11109,afedchin,1
11108,phil65,1
11106,MartijnKaijser,1
11106,wsnipex,1
11106,Rechi,1
11105,MartijnKaijser,3
11105,wsnipex,1
11104,FernetMenta,3
11104,MartijnKaijser,3
11104,Paxxi,1
11103,MartijnKaijser,2
11102,MartijnKaijser,2
11101,MartijnKaijser,2
11100,MartijnKaijser,3
11100,Rechi,1
11099,Rechi,2
11099,Paxxi,3
11098,ksooo,2
11097,garbear,1
11097,MartijnKaijser,1
11097,Hedda,1
11096,ronie,2
11096,phil65,1
11095,popcornmix,1
11094,MartijnKaijser,1
11093,hudokkow,1
11093,wsnipex,1
11093,ronie,1
11092,ronie,1
11090,MartijnKaijser,7
11090,tamland,2
11090,ace20022,2
11088,wsnipex,4
11088,fetzerch,1
11088,akva2,4
11088,stefansaraev,2
11088,maxnet,1
11088,hudokkow,1
11088,cjmayo,1
11087,ksooo,1
11086,MartijnKaijser,2
11086,notspiff,10
11086,AlwinEsch,2
11086,fritsch,2
11086,hudokkow,4
11086,Paxxi,5
11085,hudokkow,1
11083,wsnipex,1
11082,popcornmix,2
11082,ksooo,2
11082,hudokkow,2
11082,opdenkamp,1
11081,popcornmix,1
11080,popcornmix,2
11079,MartijnKaijser,1
11078,MartijnKaijser,3
11077,MartijnKaijser,1
11076,MartijnKaijser,3
11074,ksooo,1
11073,ksooo,1
11072,FernetMenta,3
11072,MartijnKaijser,1
11072,wsnipex,4
11072,hudokkow,6
11072,laurimyllari,1
11072,arucard21,5
11071,wsnipex,1
11071,fetzerch,1
11070,MartijnKaijser,1
11069,garbear,1
11069,ronie,1
11068,MartijnKaijser,1
11068,garbear,1
11068,FernetMenta,1
11067,MartijnKaijser,1
11067,da-anda,1
11066,garbear,1
11065,MartijnKaijser,3
11065,garbear,6
11065,koying,1
11063,MartijnKaijser,2
11062,Memphiz,1
11061,FernetMenta,5
11061,notspiff,3
11059,MartijnKaijser,1
11059,koying,1
11058,AlwinEsch,2
11058,BigNoid,1
11058,ksooo,1
11058,ronie,2
11057,garbear,1
11056,MartijnKaijser,1
11056,ksooo,1
11056,hudokkow,1
11055,ksooo,2
11054,ksooo,2
11053,fritsch,1
11052,ksooo,1
11051,MartijnKaijser,1
11050,MartijnKaijser,2
11050,Memphiz,1
11049,MartijnKaijser,1
11049,Memphiz,1
11048,FernetMenta,1
11048,fritsch,1
11047,MartijnKaijser,1
11045,MartijnKaijser,2
11045,phate89,7
11045,Montellese,4
11044,MartijnKaijser,2
11043,ksooo,1
11041,xhaggi,1
11041,ronie,1
11041,BigNoid,1
11041,phil65,1
11040,FernetMenta,1
11039,Montellese,12
11039,wsnipex,2
11039,akva2,2
11039,Paxxi,8
11039,phate89,3
11038,MartijnKaijser,2
11038,stefansaraev,1
11037,MartijnKaijser,1
11036,MartijnKaijser,1
11036,arnova,2
11036,BigNoid,2
11035,wsnipex,1
11035,fetzerch,1
11032,FernetMenta,3
11032,peak3d,2
11031,ronie,1
11029,MartijnKaijser,1
11029,Montellese,1
11027,MartijnKaijser,1
11027,notspiff,1
11027,hudokkow,1
11026,garbear,1
11026,hudokkow,2
11025,MartijnKaijser,1
11025,Montellese,1
11025,notspiff,1
11025,akva2,1
11025,hudokkow,1
11025,Paxxi,1
11024,MartijnKaijser,2
11024,popcornmix,3
11024,Rechi,1
11024,ericdomi65,3
11024,rinaldus,3
11022,garbear,6
11022,FernetMenta,2
11022,Memphiz,1
11022,fritsch,1
11022,da-anda,1
11022,ace20022,1
11021,ksooo,1
11021,peak3d,1
11020,FernetMenta,2
11019,BigNoid,1
11019,HitcherUK,1
11019,ronie,2
11018,peak3d,1
11014,ronie,1
11013,garbear,5
11013,popcornmix,1
11013,FernetMenta,4
11012,phil65,1
11012,tamland,4
11012,ronie,4
11011,ronie,2
11010,FernetMenta,1
11010,notspiff,2
11010,hudokkow,4
11009,FernetMenta,1
11007,Montellese,1
11007,phil65,2
11006,popcornmix,1
11005,DaveTBlake,2
11004,wsnipex,1
11004,hudokkow,1
11003,MartijnKaijser,1
11003,Montellese,3
11003,notspiff,1
11003,akva2,2
11003,hudokkow,1
11003,Paxxi,1
11002,ronie,1
11001,ksooo,2
11000,MartijnKaijser,1
11000,metaron-uk,4
11000,ksooo,3
10999,ksooo,3
10998,FernetMenta,1
10997,MartijnKaijser,1
10996,MartijnKaijser,2
10996,unknownlamer,2
10996,jjd-uk,4
10996,Montellese,1
10996,Razzeee,1
10996,DaveTBlake,1
10995,Jalle19,1
10995,ksooo,4
10995,Glenn-1990,2
10994,Razzeee,1
10994,jjd-uk,1
10994,DaveTBlake,2
10993,AsciiWolf,2
10993,stefansaraev,1
10993,LipkeGu,2
10993,Paxxi,2
10993,Zlopez,2
10992,FernetMenta,6
10992,popcornmix,3
10992,fritsch,7
10992,MrMC,1
10991,BigNoid,2
10991,ronie,1
10990,MartijnKaijser,6
10990,tamland,1
10990,afedchin,2
10990,fritsch,4
10990,ace20022,1
10990,Paxxi,2
10988,wsnipex,1
10988,lrusak,1
10986,ksooo,3
10986,phil65,1
10985,FernetMenta,3
10985,ksooo,5
10985,peak3d,1
10985,notspiff,1
10984,ksooo,1
10983,wsnipex,1
10983,koenkooi,2
10983,peak3d,7
10983,Memphiz,3
10982,Jalle19,1
10982,ksooo,2
10981,FernetMenta,1
10981,MartijnKaijser,1
10981,Paxxi,2
10980,Razzeee,1
10980,wsnipex,1
10979,FernetMenta,2
10979,AchimTuran,1
10979,akva2,1
10978,wsnipex,1
10977,Montellese,1
10976,Montellese,1
10976,phil65,1
10975,BigNoid,1
10975,ronie,2
10974,zag2me,1
10974,DaveTBlake,3
10973,phate89,1
10973,wsnipex,5
10973,fetzerch,1
10972,AlwinEsch,3
10972,akva2,2
10971,FernetMenta,1
10971,popcornmix,2
10970,FernetMenta,2
10970,wsnipex,14
10970,koenkooi,1
10970,MilhouseVH,1
10970,popcornmix,2
10970,hudokkow,2
10969,Razzeee,1
10968,garbear,1
10967,wsnipex,2
10967,fetzerch,1
10967,hudokkow,3
10967,Memphiz,5
10966,garbear,1
10964,garbear,1
10964,fetzerch,3
10964,hudokkow,1
10964,afedchin,2
10963,ksooo,2
10962,MilhouseVH,1
10962,fetzerch,3
10962,lrusak,3
10961,FernetMenta,1
10961,AlwinEsch,1
10960,fetzerch,2
10960,akva2,1
10959,ksooo,1
10958,MartijnKaijser,2
10958,Razzeee,3
10957,BigNoid,4
10957,tamland,3
10956,FernetMenta,1
10955,ksooo,9
10955,phil65,4
10955,Glenn-1990,7
10954,ksooo,2
10954,phil65,1
10953,AlwinEsch,1
10953,fritsch,1
10952,FernetMenta,3
10951,FernetMenta,2
10951,jjd-uk,1
10951,Razzeee,2
10951,tamland,4
10951,zag2me,2
10951,DaveTBlake,13
10949,ksooo,1
10949,Montellese,2
10949,tamland,4
10949,phil65,4
10949,da-anda,1
10948,BrandonSchaefer,5
10948,wsnipex,1
10948,hudokkow,2
10947,arnova,1
10947,wsnipex,1
10947,hudokkow,1
10947,Paxxi,1
10946,MartijnKaijser,1
10946,Paxxi,1
10946,Kwiboo,2
10946,Razzeee,1
10946,hudokkow,4
10946,afedchin,1
10945,popcornmix,1
10945,hudokkow,1
10944,kszaq,2
10944,hudokkow,1
10944,codesnake,1
10944,Razzeee,2
10943,kszaq,1
10943,hudokkow,1
10943,codesnake,1
10942,Razzeee,1
10942,hudokkow,1
10942,peak3d,1
10942,codesnake,1
10941,AlwinEsch,7
10941,wsnipex,2
10941,hudokkow,1
10941,afedchin,2
10940,AlwinEsch,3
10939,phil65,1
10938,phil65,1
10937,ronie,3
10937,phil65,3
10936,Razzeee,1
10934,FernetMenta,1
10934,afedchin,2
10933,micahg,3
10933,FernetMenta,3
10933,wsnipex,1
10932,garbear,2
10932,a1rwulf,1
10931,BigNoid,6
10931,tamland,2
10931,hudokkow,1
10931,mazeyx,2
10930,ksooo,2
10930,fetzerch,1
10929,garbear,1
10928,Razzeee,1
10927,Montellese,1
10927,ksooo,1
10927,hudokkow,3
10926,BigNoid,1
10926,tamland,1
10925,Razzeee,2
10925,koying,1
10925,deblockt,1
10924,FernetMenta,4
10924,DaveTBlake,3
10923,garbear,1
10922,FernetMenta,5
10922,BrandonSchaefer,10
10922,fritsch,2
10922,candrews,2
10921,garbear,2
10920,afedchin,3
10919,FernetMenta,1
10919,koying,1
10919,kib,1
10917,FernetMenta,2
10917,koying,2
10914,Razzeee,1
10913,FernetMenta,1
10912,FernetMenta,2
10912,MrMC,1
10912,wsnipex,1
10912,fritsch,2
10911,jjd-uk,2
10911,ksooo,2
10910,garbear,2
10909,MrMC,2
10909,FernetMenta,2
10909,fritsch,3
10909,koying,2
10908,ksooo,1
10907,metaron-uk,1
10907,ksooo,3
10907,hackthis02,2
10906,fritsch,1
10905,DanTheMan827,1
10905,Memphiz,2
10904,tamland,2
10904,Memphiz,2
10902,fetzerch,1
10902,hudokkow,2
10901,ace20022,4
10901,Leatherface75,1
10900,hudokkow,1
10899,ksooo,1
10898,FernetMenta,4
10898,BrandonSchaefer,11
10898,wsnipex,1
10898,fritsch,9
10898,MartijnKaijser,1
10897,wsnipex,2
10897,fetzerch,2
10897,Memphiz,1
10896,MartijnKaijser,1
10895,FernetMenta,1
10895,popcornmix,2
10894,AlwinEsch,3
10892,MartijnKaijser,1
10892,Razzeee,8
10892,tamland,1
10892,ksooo,6
10891,wsnipex,1
10891,hudokkow,1
10890,MartijnKaijser,1
10890,Razzeee,5
10890,ksooo,5
10889,Razzeee,3
10889,ksooo,1
10889,da-anda,1
10888,phil65,3
10888,ksooo,3
10888,ronie,1
10887,Mister-XY,1
10887,FernetMenta,1
10887,koenkooi,1
10887,hephooey,3
10887,peak3d,11
10887,kszaq,1
10887,stefansaraev,1
10887,mcaptur,4
10887,fritsch,1
10887,codesnake,6
10886,FernetMenta,1
10886,Memphiz,1
10885,MartijnKaijser,1
10884,ksooo,4
10884,popcornmix,4
10884,fritsch,1
10884,koying,4
10884,peak3d,13
10883,xhaggi,1
10883,phil65,1
10883,BigNoid,1
10883,ronie,1
10882,garbear,2
10880,ksooo,1
10879,ksooo,1
10878,phil65,7
10878,BigNoid,2
10878,HitcherUK,2
10878,ronie,1
10878,da-anda,1
10877,MartijnKaijser,2
10877,ronie,3
10877,jez500,3
10876,FernetMenta,1
10876,MartijnKaijser,1
10875,MartijnKaijser,1
10875,garbear,1
10875,wsnipex,1
10875,fetzerch,7
10875,akva2,1
10875,ronie,1
10875,hudokkow,2
10875,Paxxi,3
10874,FernetMenta,1
10874,popcornmix,2
10873,FernetMenta,1
10873,popcornmix,3
10870,ksooo,8
10870,tamland,1
10870,ronie,1
10870,da-anda,1
10868,MartijnKaijser,1
10867,MartijnKaijser,1
10867,hudokkow,1
10867,Paxxi,1
10866,Razzeee,1
10865,wsnipex,2
10865,fetzerch,3
10865,hudokkow,4
10863,wsnipex,2
10863,fetzerch,6
10862,FernetMenta,1
10861,Razzeee,11
10860,phate89,1
10859,Razzeee,1
10858,MartijnKaijser,2
10858,phil65,1
10858,tamland,3
10858,ronie,7
10857,axbmcuser,3
10857,Montellese,1
10857,BigNoid,1
10857,da-anda,1
10857,Razzeee,11
10857,dgam1,1
10857,phil65,1
10857,DaveTBlake,1
10856,ksooo,6
10856,hackthis02,9
10856,da-anda,2
10855,ksooo,2
10854,FernetMenta,1
10854,popcornmix,3
10853,MartijnKaijser,2
10853,FernetMenta,1
10853,koying,4
10853,mazeyx,1
10853,lwis,1
10852,wsnipex,2
10851,afedchin,1
10850,BigNoid,5
10850,tamland,1
10850,ronie,2
10849,wsnipex,1
10848,FernetMenta,1
10848,Montellese,3
10848,MartijnKaijser,2
10848,garbear,3
10847,popcornmix,1
10846,FernetMenta,5
10846,fritsch,5
10846,da-anda,1
10845,FernetMenta,4
10845,Montellese,5
10845,hudokkow,1
10845,Razzeee,10
10844,fritsch,1
10842,FernetMenta,1
10842,Rechi,1
10842,fritsch,2
10841,ksooo,1
10840,MartijnKaijser,1
10840,fritsch,1
10840,XECDesign,3
10840,wsnipex,2
10839,MartijnKaijser,1
10839,wsnipex,1
10839,hudokkow,1
10838,xhaggi,5
10838,phil65,1
10838,ksooo,6
10838,ronie,2
10836,ksooo,4
10836,wsnipex,5
10836,fetzerch,8
10836,akva2,1
10836,notspiff,3
10836,chewitt,1
10836,stefansaraev,3
10835,MartijnKaijser,1
10835,DaveTBlake,1
10832,ksooo,1
10831,MartijnKaijser,1
10831,arnova,1
10831,enen92,1
10831,MilhouseVH,1
10831,phil65,1
10831,Paxxi,2
10830,MartijnKaijser,1
10830,notspiff,1
10830,koying,2
10829,wsnipex,1
10828,phate89,3
10828,fritsch,4
10828,notspiff,2
10828,hudokkow,3
10827,wsnipex,1
10826,fritsch,4
10825,fetzerch,1
10824,MartijnKaijser,1
10823,popcornmix,1
10823,wsnipex,2
10823,peak3d,1
10822,fritsch,1
10820,FernetMenta,1
10820,MartijnKaijser,1
10819,MartijnKaijser,2
10819,tamland,1
10818,MrMC,1
10818,koying,2
10817,tamland,1
10815,wsnipex,1
10814,Jalle19,1
10814,ksooo,4
10813,FernetMenta,1
10813,MartijnKaijser,3
10813,Rechi,2
10813,hudokkow,1
10812,phate89,1
10811,MartijnKaijser,2
10811,Paxxi,3
10810,koying,1
10810,fritsch,6
10810,akva2,1
10809,MrMC,1
10809,MartijnKaijser,1
10809,fritsch,8
10808,koying,2
10807,MartijnKaijser,1
10807,FernetMenta,3
10807,notspiff,1
10807,akva2,2
10807,tamland,3
10806,fritsch,1
10805,FernetMenta,2
10805,fritsch,4
10804,ksooo,1
10803,wsnipex,1
10801,FernetMenta,1
10801,popcornmix,1
10801,MartijnKaijser,1
10800,MartijnKaijser,3
10800,popy2k14,4
10800,hudokkow,1
10800,Paxxi,7
10800,da-anda,1
10799,MartijnKaijser,1
10799,arnova,4
10799,FernetMenta,3
10795,xhaggi,5
10795,phil65,4
10795,ksooo,8
10795,ronie,1
10794,MartijnKaijser,3
10794,stefansaraev,1
10794,tamland,2
10794,Memphiz,5
10793,MartijnKaijser,1
10792,FernetMenta,1
10792,fritsch,2
10792,ace20022,1
10791,fritsch,1
10790,MartijnKaijser,2
10790,phate89,4
10790,hudokkow,3
10789,FernetMenta,6
10789,MartijnKaijser,1
10789,akva2,2
10789,Memphiz,10
10788,xhaggi,1
10788,ksooo,2
10786,xhaggi,1
10785,garbear,1
10785,MartijnKaijser,4
10785,fetzerch,1
10785,ronie,7
10785,Hedda,1
10785,Memphiz,4
10785,tamland,2
10784,taxigps,4
10784,Paxxi,5
10782,wsnipex,2
10782,koenkooi,1
10782,tgurr,1
10781,MartijnKaijser,2
10781,stefansaraev,4
10781,tamland,3
10781,garbear,1
10781,Montellese,1
10780,FernetMenta,1
10780,Shine-,1
10779,MartijnKaijser,3
10779,Erikson,1
10779,koying,1
10779,mazeyx,2
10778,hudokkow,2
10778,koying,2
10777,MartijnKaijser,2
10776,phil65,3
10776,ronie,1
10775,wsnipex,2
10775,hudokkow,1
10775,opdenkamp,8
10774,phate89,1
10773,HitcherUK,1
10773,phil65,1
10772,ronie,1
10772,phil65,2
10771,FernetMenta,1
10771,peak3d,1
10770,MartijnKaijser,1
10770,Montellese,1
10770,phil65,1
10770,ronie,1
10769,xhaggi,3
10769,ronie,1
10769,afedchin,3
10768,garbear,1
10768,arnova,3
10768,MartijnKaijser,1
10767,FernetMenta,1
10767,arnova,2
10766,FernetMenta,1
10765,garbear,1
10764,MartijnKaijser,1
10762,MartijnKaijser,1
10761,garbear,1
10760,MartijnKaijser,1
10760,Paxxi,1
10759,MartijnKaijser,5
10759,Montellese,2
10759,MilhouseVH,1
10759,DaveTBlake,8
10759,da-anda,2
10758,MartijnKaijser,1
10758,fritsch,2
10757,MartijnKaijser,2
10757,mazeyx,2
10756,FernetMenta,2
10756,AchimTuran,5
10755,AchimTuran,1
10752,AlwinEsch,1
10752,AchimTuran,1
10752,hudokkow,1
10751,BigNoid,1
10750,Memphiz,1
10749,xhaggi,1
10749,ksooo,1
10748,MartijnKaijser,1
10748,FernetMenta,1
10748,fritsch,1
10746,fritsch,3
10746,afedchin,1
10745,Paxxi,1
10744,fritsch,1
10743,MartijnKaijser,1
10743,mazeyx,1
10742,ronie,1
10740,garbear,6
10740,opdenkamp,4
10739,garbear,2
10739,Razzeee,6
10739,FernetMenta,1
10739,MartijnKaijser,1
10738,fritsch,1
10737,MilhouseVH,1
10737,Memphiz,2
10736,afedchin,1
10735,garbear,2
10734,garbear,2
10734,tamland,1
10733,wsnipex,2
10733,fetzerch,1
10733,hudokkow,1
10733,peak3d,2
10732,Memphiz,1
10731,FernetMenta,5
10731,phate89,11
10731,MartijnKaijser,2
10731,MilhouseVH,1
10731,tamland,4
10731,DaveTBlake,2
10731,Paxxi,1
10730,xhaggi,1
10730,BigNoid,1
10730,tamland,1
10730,ronie,1
10730,b-pass,3
10730,da-anda,1
10730,HitcherUK,1
10729,hudokkow,2
10728,MartijnKaijser,2
10728,wsnipex,3
10728,Paxxi,1
10727,FernetMenta,4
10727,afedchin,7
10726,garbear,1
10725,garbear,1
10724,FernetMenta,1
10724,MartijnKaijser,3
10724,fritsch,6
10723,xhaggi,1
10723,ksooo,2
10722,FernetMenta,3
10722,afedchin,3
10721,MartijnKaijser,1
10721,wsnipex,1
10721,koying,1
10720,FernetMenta,5
10720,HitcherUK,1
10720,ronie,2
10719,phil65,1
10718,da-anda,1
10714,MartijnKaijser,2
10713,wsnipex,3
10713,koenkooi,2
10712,ronie,1
10711,MartijnKaijser,4
10711,wsnipex,1
10711,Memphiz,1
10711,stefansaraev,1
10711,tamland,8
10711,popcornmix,1
10711,Paxxi,6
10710,MartijnKaijser,1
10710,FernetMenta,1
10710,hudokkow,1
10709,FernetMenta,4
10709,MartijnKaijser,2
10709,fritsch,3
10708,fritsch,1
10707,FernetMenta,1
10706,FernetMenta,8
10706,MartijnKaijser,1
10706,jjd-uk,4
10706,ronie,1
10706,xhaggi,4
10706,MilhouseVH,2
10706,fritsch,1
10706,afedchin,1
10705,FernetMenta,1
10705,peak3d,1
10704,fritsch,4
10704,ace20022,1
10703,hudokkow,2
10703,fetzerch,1
10703,akva2,1
10702,MartijnKaijser,1
10702,tamland,1
10702,phil65,2
10701,MartijnKaijser,2
10701,Paxxi,3
10701,Memphiz,1
10700,DaveTBlake,4
10699,MartijnKaijser,4
10699,tamland,1
10699,phil65,3
10698,MartijnKaijser,1
10698,BigNoid,1
10698,phil65,1
10698,braz96,1
10697,FernetMenta,1
10696,FernetMenta,3
10696,popcornmix,1
10696,stefansaraev,1
10695,MartijnKaijser,1
10694,fetzerch,1
10693,MartijnKaijser,1
10692,ronie,1
10691,garbear,1
10690,garbear,3
10690,MartijnKaijser,2
10690,tamland,3
10689,MartijnKaijser,1
10688,MartijnKaijser,1
10688,MilhouseVH,2
10688,fritsch,1
10688,phil65,2
10688,notspiff,1
10687,FernetMenta,1
10687,MartijnKaijser,2
10687,viridiandg,1
10686,ksooo,2
10685,MartijnKaijser,1
10685,fetzerch,1
10685,phillipao,1
10683,MartijnKaijser,1
10683,wsnipex,1
10681,MartijnKaijser,1
10681,FernetMenta,2
10681,YairSc,5
10681,Rechi,2
10681,Memphiz,12
10680,FernetMenta,1
10680,fritsch,2
10680,Memphiz,3
10679,MartijnKaijser,2
10679,AchimTuran,2
10679,ronie,6
10679,mgonzales71,1
10679,romanvm,1
10679,phil65,5
10677,FernetMenta,1
10677,Memphiz,1
10676,ksooo,2
10676,da-anda,1
10675,FernetMenta,3
10675,peak3d,3
10674,FernetMenta,7
10674,popcornmix,5
10674,da-anda,1
10672,ronie,2
10672,phil65,3
10671,FernetMenta,1
10670,FernetMenta,1
10670,AlwinEsch,2
10670,wsnipex,1
10670,fritsch,4
10670,Fneufneu,2
10669,FernetMenta,2
10668,FernetMenta,3
10668,popcornmix,1
10668,fritsch,1
10668,MilhouseVH,3
10667,MartijnKaijser,1
10667,wsnipex,1
10666,FernetMenta,2
10666,MartijnKaijser,1
10666,fritsch,5
10665,FernetMenta,3
10665,popcornmix,2
10665,MartijnKaijser,1
10664,FernetMenta,3
10664,ronie,1
10663,phil65,1
10663,ronie,1
10661,peak3d,2
10661,Paxxi,3
10660,hudokkow,3
10659,MartijnKaijser,2
10659,wsnipex,3
10659,peak3d,2
10658,FernetMenta,1
10658,MartijnKaijser,2
10658,peak3d,2
10658,arnova,2
10657,Montellese,1
10657,BigNoid,1
10657,DaveTBlake,3
10656,MartijnKaijser,2
10656,fetzerch,4
10656,hudokkow,1
10656,Paxxi,1
10654,jjd-uk,3
10653,MartijnKaijser,1
10653,mazeyx,1
10652,FernetMenta,1
10652,Memphiz,1
10651,FernetMenta,1
10650,FernetMenta,1
10650,ksooo,1
10649,Memphiz,1
10647,FernetMenta,3
10647,codesnake,1
10646,redglory,1
10646,ronie,1
10646,Cocotus,1
10646,phil65,3
10646,MilhouseVH,3
10646,rottengibbs,1
10646,zag2me,1
10645,MartijnKaijser,1
10645,ronie,2
10645,HitcherUK,2
10645,phil65,1
10644,FernetMenta,2
10644,fritsch,4
10644,hurda,1
10644,afedchin,9
10644,Voyager1,14
10643,wsnipex,1
10642,Razzeee,1
10642,ronie,1
10641,Montellese,2
10640,MartijnKaijser,2
10640,Montellese,2
10639,MartijnKaijser,1
10639,Montellese,2
10638,Razzeee,1
10638,Paxxi,2
10637,Paxxi,1
10637,Memphiz,1
10636,Razzeee,1
10635,FernetMenta,1
10635,arnova,1
10634,phil65,1
10634,mazeyx,1
10633,FernetMenta,1
10633,afedchin,1
10632,xhaggi,6
10632,phil65,1
10632,ksooo,5
10632,ronie,2
10631,MartijnKaijser,4
10630,garbear,2
10630,HitcherUK,1
10629,FernetMenta,8
10629,garbear,1
10629,peak3d,2
10629,ghost,6
10629,MrMC,1
10629,Paxxi,1
10627,phate89,2
10626,ronie,1
10624,fetzerch,1
10624,hudokkow,2
10624,Memphiz,1
10623,FernetMenta,3
10623,arnova,2
10623,fritsch,4
10623,popcornmix,1
10622,FernetMenta,3
10622,fritsch,2
10621,MartijnKaijser,1
10619,MartijnKaijser,3
10619,tamland,1
10619,phil65,3
10618,jjd-uk,2
10618,DaveTBlake,4
10617,ksooo,2
10616,xhaggi,2
10616,ronie,1
10616,tamland,3
10616,phil65,5
10616,MartijnKaijser,1
10615,FernetMenta,4
10615,MartijnKaijser,2
10615,popcornmix,1
10615,MrMC,2
10615,Memphiz,1
10614,fetzerch,1
10613,ksooo,1
10612,ronie,1
10611,FernetMenta,1
10611,arnova,3
10611,fritsch,1
10611,kib,1
10610,FernetMenta,1
10610,fritsch,5
10609,MartijnKaijser,1
10609,aerandir92,2
10609,phil65,2
10608,MartijnKaijser,1
10608,fritsch,1
10607,phil65,1
10606,xhaggi,6
10606,phil65,1
10606,ksooo,2
10606,ronie,1
10606,tamland,1
10605,ksooo,2
10603,ronie,1
10603,Paxxi,1
10602,MartijnKaijser,1
10602,scott967,1
10602,tamland,1
10602,Montellese,1
10601,MartijnKaijser,2
10600,MartijnKaijser,1
10597,codesnake,1
10596,FernetMenta,1
10596,fritsch,1
10596,Memphiz,1
10595,MartijnKaijser,1
10595,wsnipex,1
10595,hudokkow,3
10595,Memphiz,1
10594,MilhouseVH,2
10594,jingai,1
10594,phil65,8
10594,Montellese,1
10593,phil65,1
10592,phil65,1
10591,FernetMenta,2
10590,phil65,1
10590,ronie,1
10589,xhaggi,1
10589,phil65,5
10589,ronie,1
10589,MartijnKaijser,1
10588,MartijnKaijser,2
10588,ace20022,1
10587,FernetMenta,1
10587,MartijnKaijser,2
10587,ace20022,2
10586,ganesh1515,1
10586,phil65,2
10586,tamland,1
10586,ronie,1
10586,MartijnKaijser,1
10585,un1versal,2
10585,da-anda,1
10585,phil65,1
10585,NedScott,1
10585,hudokkow,1
10585,ace20022,1
10585,Ignoble61,2
10584,FernetMenta,1
10584,Rechi,1
10583,xhaggi,5
10583,ksooo,4
10582,FernetMenta,4
10582,wsnipex,6
10582,lrusak,2
10582,Memphiz,5
10581,FernetMenta,1
10580,MartijnKaijser,1
10580,FernetMenta,1
10580,fritsch,1
10579,ronie,1
10578,MartijnKaijser,1
10578,BigNoid,1
10577,Jalle19,1
10577,ksooo,2
10577,da-anda,1
10576,ronie,1
10576,BigNoid,2
10576,phil65,3
10575,jjd-uk,4
10575,ronie,1
10575,mazeyx,1
10575,da-anda,1
10575,HitcherUK,1
10575,phil65,1
10575,marcelerkel,1
10574,MartijnKaijser,1
10574,Memphiz,2
10573,MartijnKaijser,2
10573,FernetMenta,2
10573,DaveTBlake,1
10572,MartijnKaijser,3
10572,MilhouseVH,2
10572,wsnipex,5
10572,Rechi,3
10572,jimfcarroll,1
10571,MartijnKaijser,2
10571,Jalle19,7
10571,dadosch,1
10571,Memphiz,1
10570,Razzeee,1
10569,jjd-uk,1
10569,DaveTBlake,2
10567,MartijnKaijser,1
10567,FernetMenta,5
10567,BigNoid,5
10567,ronie,1
10566,BigNoid,2
10566,hudokkow,2
10565,MartijnKaijser,1
10564,MartijnKaijser,1
10564,phil65,2
10564,InuSasha,2
10563,lrusak,2
10562,MartijnKaijser,3
10562,Paxxi,1
10561,Montellese,1
10561,DaveTBlake,1
10561,kib,1
10560,MartijnKaijser,3
10560,ksooo,1
10560,tamland,2
10560,da-anda,1
10559,AlwinEsch,1
10558,xhaggi,1
10558,ksooo,4
10558,ronie,1
10557,FernetMenta,2
10557,AlwinEsch,1
10556,phil65,1
10554,garbear,1
10554,tamland,1
10553,Razzeee,2
10553,zag2me,1
10553,DaveTBlake,6
10552,FernetMenta,4
10552,fritsch,1
10552,fetzerch,1
10552,Paxxi,2
10551,FernetMenta,3
10551,fritsch,1
10550,Memphiz,1
10549,FernetMenta,1
10548,fritsch,3
10548,afedchin,1
10547,Jalle19,1
10547,tamland,2
10547,ronie,4
10547,DaveTBlake,1
10547,MilhouseVH,2
10546,wsnipex,4
10546,hudokkow,1
10546,peak3d,1
10546,ghost,4
10546,Memphiz,3
10545,phate89,1
10545,hudokkow,1
10545,mak77,1
10545,emacann,1
10542,stefansaraev,3
10542,wsnipex,2
10542,hudokkow,1
10541,MartijnKaijser,1
10541,fetzerch,1
10541,hudokkow,1
10541,Memphiz,2
10540,Memphiz,1
10539,MrMC,1
10539,FernetMenta,2
10539,wang-bin,4
10539,Memphiz,9
10538,garbear,1
10538,AchimTuran,1
10538,wsnipex,1
10538,fritsch,1
10538,fetzerch,2
10537,MartijnKaijser,1
10536,MartijnKaijser,2
10536,Jalle19,1
10536,BigNoid,1
10536,ksooo,2
10536,ronie,1
10535,Paxxi,1
10534,L-S-D,1
10534,Jalle19,1
10534,bkuhls,1
10534,ksooo,1
10532,popcornmix,2
10531,MrMC,1
10531,ksooo,10
10531,fetzerch,2
10531,Memphiz,10
10530,FernetMenta,1
10530,xhaggi,1
10530,ksooo,1
10530,koying,1
10530,fetzerch,2
10530,Memphiz,6
10530,MrMC,1
10530,Jalle19,2
10529,FernetMenta,2
10529,afedchin,3
10529,Memphiz,1
10528,fetzerch,3
10528,akva2,4
10527,MartijnKaijser,2
10527,ronie,2
10527,Paxxi,1
10526,ronie,1
10524,ksooo,1
10523,MartijnKaijser,1
10523,fritsch,2
10522,MartijnKaijser,1
10522,garbear,4
10522,Paxxi,1
10521,FernetMenta,1
10520,Memphiz,1
10518,Jalle19,1
10518,ksooo,6
10518,Glenn-1990,3
10517,Memphiz,1
10516,FernetMenta,3
10516,Jalle19,2
10515,wsnipex,1
10515,Memphiz,1
10514,FernetMenta,3
10514,ksooo,2
10513,ksooo,3
10513,ronie,2
10511,tamland,1
10509,MrMC,2
10509,fetzerch,8
10509,akva2,2
10509,Memphiz,6
10508,zag2me,1
10508,ronie,1
10508,DaveTBlake,1
10507,ksooo,2
10507,Jalle19,10
10507,bkuhls,1
10507,Memphiz,1
10507,Glenn-1990,3
10506,FernetMenta,1
10506,MilhouseVH,2
10506,ksooo,1
10503,xhaggi,2
10503,ronie,2
10503,ksooo,1
10503,phil65,1
10503,Jalle19,1
10502,FernetMenta,2
10501,FernetMenta,1
10501,popcornmix,1
10500,FernetMenta,1
10500,popcornmix,2
10499,FernetMenta,1
10499,popcornmix,1
10498,fritsch,1
10498,piejanssens,1
10497,MartijnKaijser,1
10497,akva2,2
10497,Paxxi,3
10497,afedchin,3
10497,Voyager1,2
10496,phil65,1
10495,fetzerch,1
10495,Paxxi,1
10494,FernetMenta,2
10493,FernetMenta,3
10493,afedchin,2
10492,opdenkamp,1
10492,Glenn-1990,2
10491,MartijnKaijser,2
10491,Jalle19,6
10491,tamland,1
10491,Paxxi,2
10490,wsnipex,1
10490,veger,1
10490,Memphiz,1
10489,mrdominuzq,2
10489,wsnipex,2
10488,MartijnKaijser,2
10488,jjd-uk,1
10488,koying,5
10488,MrMC,2
10488,fritsch,8
10488,Paxxi,2
10487,phil65,1
10486,HitcherUK,2
10486,DaveTBlake,3
10485,DaveTBlake,1
10484,garbear,1
10483,MartijnKaijser,4
10483,FernetMenta,1
10483,tamland,3
10483,MilhouseVH,1
10483,fritsch,1
10483,DaveTBlake,1
10483,Paxxi,1
10482,hudokkow,1
10482,wsnipex,1
10482,fetzerch,4
10482,akva2,3
10481,FernetMenta,1
10480,ksooo,1
10479,FernetMenta,2
10479,wsnipex,14
10479,rbalint,1
10479,fritsch,1
10477,fritsch,2
10476,MartijnKaijser,3
10476,bkuhls,1
10476,tamland,1
10476,koying,1
10476,mazeyx,1
10474,mazeyx,1
10473,FernetMenta,1
10473,Memphiz,1
10472,MartijnKaijser,1
10472,MilhouseVH,3
10472,ksooo,9
10472,xhaggi,2
10472,FernetMenta,2
10471,fritsch,1
10468,Paxxi,1
10468,afedchin,2
10467,FernetMenta,1
10467,frankr612,1
10467,MartijnKaijser,1
10467,Jalle19,1
10466,FernetMenta,2
10466,fritsch,2
10465,jjd-uk,2
10465,BigNoid,1
10465,NedScott,1
10464,ksooo,2
10463,MartijnKaijser,1
10463,phil65,1
10463,jjd-uk,2
10463,ronie,1
10461,xhaggi,11
10461,FernetMenta,3
10461,ksooo,2
10461,ronie,2
10461,MartijnKaijser,1
10461,NedScott,1
10460,AlwinEsch,1
10460,ronie,1
10459,FernetMenta,1
10459,MilhouseVH,1
10458,FernetMenta,3
10458,basrieter,2
10458,emilsvennesson,2
10458,MartijnKaijser,1
10457,wsnipex,3
10457,hudokkow,2
10456,MartijnKaijser,2
10455,MartijnKaijser,2
10455,ace20022,1
10455,Paxxi,3
10454,MartijnKaijser,1
10453,FernetMenta,1
10450,MartijnKaijser,1
10450,BigNoid,4
10450,ksooo,7
10450,HitcherUK,1
10448,MartijnKaijser,1
10448,Paxxi,1
10447,MartijnKaijser,1
10447,Montellese,3
10447,ronie,1
10447,zag2me,1
10447,Tolriq,1
10446,ksooo,2
10446,fetzerch,3
10446,akva2,3
10446,Paxxi,2
10446,notspiff,1
10446,Memphiz,1
10446,hudokkow,6
10446,afedchin,1
10445,MartijnKaijser,4
10445,axbmcuser,3
10445,BigNoid,3
10445,HitcherUK,1
10445,ronie,9
10445,MilhouseVH,4
10445,tamland,1
10445,phil65,4
10445,AchimTuran,1
10444,tamland,1
10444,MilhouseVH,1
10444,notspiff,2
10444,Memphiz,2
10443,fetzerch,1
10443,Paxxi,1
10442,MartijnKaijser,1
10442,BigNoid,2
10442,ronie,1
10440,FernetMenta,1
10438,Jalle19,1
10438,BigNoid,1
10438,ksooo,3
10438,da-anda,1
10437,stefansaraev,2
10437,wsnipex,2
10437,fetzerch,2
10436,FernetMenta,2
10435,FernetMenta,2
10435,fritsch,3
10434,fetzerch,1
10434,hudokkow,1
10433,FernetMenta,3
10433,MilhouseVH,1
10433,jjd-uk,3
10433,fritsch,6
10433,da-anda,4
10432,MartijnKaijser,2
10432,wsnipex,3
10432,fetzerch,2
10432,stefansaraev,1
10432,fritsch,2
10432,hudokkow,6
10431,MrMC,5
10431,fritsch,9
10430,FernetMenta,1
10430,basrieter,1
10429,wsnipex,1
10429,fetzerch,4
10429,akva2,8
10429,notspiff,2
10429,stefansaraev,1
10429,fritsch,1
10429,hudokkow,13
10428,ronie,2
10428,phil65,2
10427,fetzerch,1
10427,hudokkow,1
10426,MilhouseVH,1
10426,hudokkow,2
10425,FernetMenta,2
10425,popcornmix,2
10424,hudokkow,3
10423,hudokkow,1
10422,MartijnKaijser,1
10422,hudokkow,1
10422,wsnipex,1
10422,fetzerch,3
10422,akva2,1
10421,akva2,3
10421,wsnipex,3
10421,hudokkow,1
10420,MartijnKaijser,4
10420,mrdominuzq,10
10420,wsnipex,6
10420,Razzeee,2
10419,stefansaraev,1
10419,wsnipex,2
10419,Memphiz,1
10418,MartijnKaijser,3
10418,stefansaraev,1
10418,wsnipex,1
10418,fetzerch,1
10417,MartijnKaijser,4
10417,FernetMenta,1
10417,fritsch,1
10416,wsnipex,1
10416,fetzerch,1
10416,Memphiz,1
10415,MilhouseVH,4
10415,ronie,1
10415,stefansaraev,2
10414,MartijnKaijser,1
10414,AlwinEsch,4
10413,AlwinEsch,1
10413,Paxxi,1
10412,FernetMenta,1
10411,FernetMenta,1
10411,MrMC,1
10411,Razzeee,1
10411,MartijnKaijser,1
10411,Memphiz,1
10410,FernetMenta,1
10409,MartijnKaijser,1
10409,FernetMenta,2
10409,wsnipex,1
10409,ksooo,1
10409,stefansaraev,2
10409,popcornmix,1
10409,AlwinEsch,2
10409,samnazarko,1
10409,hudokkow,1
10408,FernetMenta,2
10408,MartijnKaijser,1
10408,ksooo,2
10408,AlwinEsch,10
10408,fritsch,1
10408,Paxxi,1
10407,MartijnKaijser,1
10407,AlwinEsch,5
10407,tamland,1
10407,Paxxi,1
10406,AlwinEsch,2
10406,Paxxi,1
10404,Jalle19,1
10403,wsnipex,1
10402,basrieter,6
10402,MartijnKaijser,1
10402,wsnipex,1
10402,FernetMenta,1
10402,arnova,1
10401,stefansaraev,1
10401,wsnipex,1
10401,fritsch,1
10401,codesnake,1
10400,axbmcuser,3
10400,MilhouseVH,1
10400,HitcherUK,2
10400,FernetMenta,2
10399,FernetMenta,2
10398,hudokkow,1
10397,wsnipex,1
10397,fetzerch,5
10396,MartijnKaijser,2
10396,fetzerch,4
10396,Paxxi,2
10395,MartijnKaijser,1
10395,phil65,1
10395,BigNoid,1
10395,tamland,1
10395,ronie,1
10394,MartijnKaijser,1
10394,arnova,2
10394,dentaku65,3
10394,L2501,1
10394,popcornmix,1
10394,zag2me,1
10394,tamland,2
10394,phil65,1
10394,DaveTBlake,1
10394,koying,2
10393,MartijnKaijser,3
10393,garbear,1
10393,hudokkow,1
10392,phil65,1
10392,BigNoid,1
10392,tamland,1
10392,ronie,2
10391,FernetMenta,2
10391,MilhouseVH,1
10391,axbmcuser,1
10390,BigNoid,1
10389,MartijnKaijser,1
10389,HitcherUK,1
10389,ronie,3
10389,tamland,1
10389,rjsachse,1
10388,ksooo,1
10388,BigNoid,1
10388,tamland,1
10388,ronie,1
10387,FernetMenta,4
10387,MilhouseVH,1
10387,arnova,5
10386,MartijnKaijser,1
10386,tamland,1
10386,NedScott,1
10385,phate89,1
10384,FernetMenta,1
10383,FernetMenta,2
10383,MilhouseVH,2
10382,wsnipex,3
10382,hudokkow,1
10381,ksooo,2
10381,ronie,1
10380,fetzerch,1
10380,hudokkow,3
10379,AlwinEsch,1
10378,phil65,1
10377,MartijnKaijser,1
10377,Montellese,1
10377,scott967,1
10376,MilhouseVH,1
10376,BigNoid,2
10376,tamland,3
10376,ronie,4
10375,FernetMenta,1
10375,MartijnKaijser,2
10375,vpeter4,1
10375,jerome-benoit,1
10375,mk01,1
10375,fritsch,4
10374,Jalle19,2
10374,metaron-uk,1
10374,ksooo,3
10373,FernetMenta,2
10373,ksooo,7
10372,FernetMenta,1
10372,wsnipex,8
10372,fetzerch,2
10372,Memphiz,4
10372,MilhouseVH,1
10372,fritsch,1
10371,garbear,2
10370,garbear,4
10370,MilhouseVH,3
10370,AfzalivE,2
10369,phate89,4
10369,DaveTBlake,2
10368,Jalle19,2
10368,fritsch,3
10367,FernetMenta,1
10367,fritsch,1
10366,FernetMenta,1
10366,stefansaraev,1
10366,wsnipex,2
10365,MartijnKaijser,2
10365,wsnipex,1
10364,garbear,1
10362,phate89,1
10359,MilhouseVH,2
10359,wsnipex,1
10359,fetzerch,1
10359,hudokkow,4
10358,axbmcuser,1
10358,ksooo,3
10357,MartijnKaijser,1
10357,FernetMenta,1
10357,fritsch,1
10356,MartijnKaijser,2
10356,tamland,3
10355,MrMC,12
10355,MartijnKaijser,1
10355,fritsch,14
10355,codesnake,3
10354,MartijnKaijser,3
10354,mrdominuzq,4
10354,wsnipex,1
10353,BigNoid,2
10353,NedScott,2
10352,Jalle19,1
10352,ksooo,1
10351,wsnipex,1
10351,fetzerch,1
10348,wsnipex,1
10348,fetzerch,1
10348,hudokkow,1
10347,garbear,2
10347,Memphiz,2
10347,ronie,1
10347,NedScott,8
10343,FernetMenta,3
10343,stefansaraev,2
10343,fritsch,6
10343,MilhouseVH,1
10342,MilhouseVH,1
10342,ksooo,8
10342,bas-t,7
10342,Jalle19,1
10341,fritsch,1
10340,BigNoid,1
10340,ronie,1
10339,FernetMenta,9
10339,MilhouseVH,1
10339,fritsch,1
10339,afedchin,2
10339,Memphiz,1
10338,fritsch,1
10337,MartijnKaijser,1
10337,wiromare,1
10337,afedchin,2
10337,marianob85,5
10336,BigNoid,1
10336,tamland,1
10336,ronie,1
10335,MartijnKaijser,11
10335,garbear,2
10335,ronie,4
10335,da-anda,1
10335,MilhouseVH,3
10335,tamland,9
10334,MartijnKaijser,2
10334,wsnipex,2
10334,fetzerch,1
10334,rbalint,2
10333,axbmcuser,5
10333,MilhouseVH,1
10333,ksooo,11
10332,MartijnKaijser,1
10332,fritsch,1
10332,codesnake,1
10331,Jalle19,1
10331,ksooo,1
10330,Jalle19,1
10330,ksooo,2
10329,jjd-uk,1
10329,hudokkow,1
10329,Paxxi,1
10327,Jalle19,1
10327,ksooo,2
10326,ksooo,1
10326,rjsachse,1
10325,MartijnKaijser,2
10325,BigNoid,6
10325,fritsch,3
10325,stealthflyer,7
10324,rbuehlma,9
10324,FernetMenta,6
10324,garbear,1
10323,FernetMenta,1
10323,fritsch,4
10322,BigNoid,2
10322,stealthflyer,2
10320,Jalle19,1
10320,ksooo,1
10319,Jalle19,1
10319,ksooo,2
10318,FernetMenta,6
10318,Razzeee,2
10318,nicklauslittle,5
10318,MartijnKaijser,2
10318,axbmcuser,1
10317,fritsch,1
10317,codesnake,1
10316,FernetMenta,11
10316,stefansaraev,1
10316,fritsch,15
10316,99rook99,3
10315,garbear,1
10314,ksooo,4
10314,celsworth,1
10313,jjd-uk,1
10312,HitcherUK,1
10311,FernetMenta,2
10311,MilhouseVH,1
10311,NedScott,3
10310,FernetMenta,1
10309,garbear,6
10309,akva2,1
10308,MartijnKaijser,1
10308,Jalle19,2
10308,ksooo,6
10307,ksooo,2
10305,FernetMenta,1
10305,popcornmix,1
10304,FernetMenta,1
10303,garbear,2
10302,MilhouseVH,1
10302,jjd-uk,1
10301,jjd-uk,1
10301,Memphiz,1
10300,Memphiz,1
10299,MartijnKaijser,2
10299,garbear,2
10296,MartijnKaijser,4
10296,jjd-uk,1
10296,laurimyllari,2
10295,MrMC,1
10295,Memphiz,1
10294,Memphiz,1
10293,garbear,3
10293,MartijnKaijser,3
10293,HitcherUK,1
10293,ronie,1
10293,da-anda,1
10291,FernetMenta,1
10291,Rechi,1
10290,FernetMenta,1
10289,FernetMenta,1
10289,fritsch,2
10288,MartijnKaijser,2
10288,Montellese,2
10288,Rallymen007,1
10287,MrMC,1
10287,Memphiz,2
10286,Jalle19,1
10286,ksooo,4
10285,Memphiz,1
10284,FernetMenta,3
10284,fritsch,2
10283,mk01,2
10283,FernetMenta,2
10282,ksooo,1
10281,axbmcuser,1
10281,FernetMenta,1
10281,ksooo,1
10280,Jalle19,2
10280,bkuhls,1
10280,ksooo,3
10278,FernetMenta,1
10277,FernetMenta,3
10277,MartijnKaijser,1
10277,Rechi,1
10276,FernetMenta,1
10276,sualfred,1
10275,MartijnKaijser,2
10275,Memphiz,2
10274,ksooo,1
10273,FernetMenta,3
10273,rbuehlma,2
10273,MartijnKaijser,2
10273,garbear,3
10272,rbuehlma,2
10272,FernetMenta,1
10272,garbear,1
10271,fetzerch,1
10270,FernetMenta,1
10268,popcornmix,1
10268,jjd-uk,1
10267,Jalle19,1
10267,ksooo,2
10266,FernetMenta,3
10266,MartijnKaijser,1
10266,Rechi,3
10266,ronie,1
10265,MartijnKaijser,5
10265,tamland,2
10265,ronie,2
10264,axbmcuser,7
10264,FernetMenta,1
10264,ksooo,8
10263,FernetMenta,1
10262,fritsch,2
10261,garbear,1
10260,MrMC,1
10260,stefansaraev,1
10260,codesnake,1
10260,ghost,2
10259,MartijnKaijser,4
10259,phate89,2
10259,jjd-uk,1
10259,tamland,1
10259,imsodin,5
10259,zag2me,1
10259,DaveTBlake,1
10259,Paxxi,2
10259,NedScott,2
10258,FernetMenta,4
10258,MartijnKaijser,1
10257,hudokkow,1
10257,Paxxi,1
10256,wsnipex,1
10256,fetzerch,2
10255,Paxxi,1
10254,fetzerch,1
10254,Paxxi,2
10254,afedchin,2
10253,wiromare,1
10253,ronie,1
10252,MartijnKaijser,1
10252,BigNoid,1
10252,ronie,1
10252,da-anda,2
10252,HitcherUK,1
10252,jjd-uk,7
10252,NedScott,1
10251,FernetMenta,1
10250,MartijnKaijser,1
10249,MartijnKaijser,2
10249,Montellese,2
10248,FernetMenta,1
10248,Jalle19,1
10248,BigNoid,1
10248,ksooo,9
10248,da-anda,2
10247,FernetMenta,1
10247,MilhouseVH,1
10247,MartijnKaijser,1
10246,MartijnKaijser,1
10246,fritsch,3
10245,MartijnKaijser,1
10245,BigNoid,1
10245,ksooo,1
10244,MartijnKaijser,2
10244,garbear,1
10244,wiromare,1
10243,FernetMenta,5
10243,popcornmix,1
10243,fritsch,7
10242,MartijnKaijser,1
10242,fetzerch,1
10242,Paxxi,1
10241,ksooo,1
10240,ksooo,2
10239,BlackIkeEagle,1
10239,stefansaraev,1
10238,HitcherUK,1
10237,FernetMenta,1
10236,FernetMenta,4
10236,MartijnKaijser,2
10236,manijak,2
10236,MilhouseVH,3
10236,tojo2503,1
10236,EusebiuOprinoiu,1
10236,arnova,1
10235,DaveTBlake,2
10234,FernetMenta,3
10234,popcornmix,4
10234,MartijnKaijser,1
10233,popcornmix,1
10232,MartijnKaijser,1
10232,ksooo,1
10232,Paxxi,3
10232,Voyager1,2
10231,MartijnKaijser,2
10231,Razzeee,2
10231,rbalint,1
10230,MartijnKaijser,1
10230,wsnipex,2
10229,FernetMenta,2
10229,axbmcuser,1
10229,ksooo,5
10228,FernetMenta,4
10228,MilhouseVH,4
10228,ghost,2
10228,garbear,1
10227,MartijnKaijser,2
10227,wsnipex,1
10226,MrMC,4
10226,MartijnKaijser,3
10226,tamland,4
10225,FernetMenta,4
10225,fritsch,1
10225,ksooo,4
10224,MartijnKaijser,1
10223,FernetMenta,2
10223,BigNoid,1
10222,FernetMenta,4
10222,Jalle19,1
10222,fritsch,1
10221,ksooo,2
10220,FernetMenta,2
10219,MartijnKaijser,6
10219,MrMC,2
10219,wsnipex,2
10219,fritsch,1
10218,bkuhls,1
10217,MartijnKaijser,1
10217,wsnipex,1
10216,FernetMenta,15
10216,garbear,2
10216,Rechi,1
10216,gade01,4
10216,MrMC,2
10216,sualfred,5
10216,Tolriq,1
10215,FernetMenta,1
10215,codesnake,1
10214,wiromare,2
10214,Paxxi,4
10212,tamland,1
10211,FernetMenta,2
10210,FernetMenta,1
10210,fetzerch,3
10210,ghost,1
10210,Paxxi,1
10209,MartijnKaijser,1
10209,koying,1
10209,da-anda,2
10208,jjd-uk,1
10207,FernetMenta,1
10207,stefansaraev,1
10206,MilhouseVH,1
10206,Paxxi,2
10205,jjd-uk,3
10205,HitcherUK,2
10205,ronie,1
10205,BigNoid,3
10205,NedScott,1
10204,FernetMenta,2
10204,Paxxi,3
10203,Razzeee,1
10203,tamland,1
10202,Paxxi,1
10201,MilhouseVH,2
10201,jjd-uk,2
10201,Tolriq,1
10200,MartijnKaijser,1
10200,tyl0re,1
10200,ghost,3
10200,Paxxi,1
10200,peak3d,1
10199,MartijnKaijser,3
10199,jjd-uk,8
10199,HitcherUK,2
10199,ronie,2
10199,Paxxi,1
10198,Jalle19,1
10198,metaron-uk,1
10198,ksooo,3
10197,MartijnKaijser,1
10196,FernetMenta,1
10194,fetzerch,2
10192,FernetMenta,7
10192,MartijnKaijser,3
10192,ksooo,4
10192,Tolriq,1
10189,MartijnKaijser,1
10189,MilhouseVH,1
10189,BigNoid,1
10188,wsnipex,1
10188,fetzerch,1
10188,Paxxi,1
10187,Jalle19,1
10187,ksooo,2
10186,MilhouseVH,2
10185,MartijnKaijser,2
10185,MilhouseVH,2
10185,BigNoid,2
10185,Voyager1,2
10185,Memphiz,1
10184,FernetMenta,1
10184,MartijnKaijser,1
10184,jjd-uk,2
10182,MartijnKaijser,1
10182,MrMC,1
10182,Rechi,1
10182,Memphiz,2
10180,fetzerch,2
10180,Memphiz,2
10180,Paxxi,3
10180,Voyager1,1
10179,ksooo,4
10179,joethefox,1
10179,Tolriq,2
10178,ksooo,1
10178,joethefox,1
10177,FernetMenta,2
10177,MartijnKaijser,1
10177,ghost,3
10176,fritsch,1
10176,fetzerch,2
10175,DanTheMan827,1
10175,Tolriq,2
10175,Paxxi,3
10174,Paxxi,1
10173,Jalle19,1
10173,ksooo,2
10172,FernetMenta,5
10172,MartijnKaijser,4
10172,wsnipex,5
10172,ghost,5
10171,MartijnKaijser,1
10171,MilhouseVH,2
10171,NedScott,2
10170,FernetMenta,2
10170,piotrasd,1
10170,wsnipex,1
10170,fritsch,10
10170,hudokkow,1
10169,Jalle19,1
10168,fritsch,1
10167,MartijnKaijser,1
10167,AchimTuran,3
10166,FernetMenta,4
10166,MartijnKaijser,3
10166,BigNoid,1
10166,ksooo,10
10166,joethefox,1
10166,MilhouseVH,2
10166,Razzeee,2
10166,HitcherUK,4
10165,wsnipex,1
10164,FernetMenta,2
10164,MartijnKaijser,1
10164,wsnipex,1
10164,fritsch,1
10163,wsnipex,1
10162,fetzerch,2
10161,MartijnKaijser,1
10161,fritsch,1
10161,koying,1
10160,MrMC,6
10160,MartijnKaijser,1
10160,wsnipex,1
10160,fritsch,8
10160,koying,1
10159,hudokkow,1
10158,FernetMenta,3
10158,MartijnKaijser,1
10158,fetzerch,5
10158,hudokkow,1
10158,Memphiz,1
10157,MartijnKaijser,3
10157,phate89,8
10157,wsnipex,4
10157,tamland,2
10157,DaveTBlake,4
10157,Tolriq,1
10156,MartijnKaijser,3
10156,ksooo,1
10156,BigNoid,1
10156,tamland,4
10156,da-anda,1
10155,MartijnKaijser,3
10155,Tolriq,3
10155,Paxxi,4
10155,Voyager1,1
10154,tamland,1
10153,MrMC,2
10153,popcornmix,1
10153,koying,1
10153,Razzeee,2
10151,FernetMenta,1
10151,Jalle19,2
10151,fritsch,7
10150,FernetMenta,1
10150,MilhouseVH,2
10149,FernetMenta,4
10149,Jalle19,2
10149,afedchin,2
10148,phate89,2
10147,phate89,2
10147,tamland,1
10146,tamland,1
10145,FernetMenta,1
10145,MartijnKaijser,1
10145,wsnipex,1
10144,FernetMenta,1
10144,popcornmix,2
10143,garbear,3
10143,Paxxi,5
10143,afedchin,2
10142,phate89,1
10142,MilhouseVH,1
10141,axbmcuser,3
10141,MilhouseVH,2
10141,BigNoid,3
10140,hudokkow,2
10140,Tolriq,1
10139,mk01,2
10139,FernetMenta,2
10137,MrMC,5
10137,Razzeee,2
10137,Tolriq,3
10136,MartijnKaijser,4
10136,FernetMenta,1
10136,koying,5
10136,stefansaraev,5
10136,p1ngb4ck,3
10136,Tolriq,10
10136,NedScott,2
10135,MartijnKaijser,1
10135,tamland,1
10134,MartijnKaijser,2
10134,garbear,2
10134,koying,2
10134,openhardwarecoza,1
10134,MrMC,4
10134,Razzeee,6
10134,Tolriq,6
10133,tamland,1
10132,FernetMenta,5
10132,garbear,4
10132,MartijnKaijser,1
10132,neo1973,1
10131,Paxxi,1
10130,wsnipex,1
10130,fetzerch,2
10130,hudokkow,2
10129,FernetMenta,1
10129,wiromare,1
10128,MartijnKaijser,1
10128,tamland,2
10127,FernetMenta,1
10127,MartijnKaijser,1
10126,tamland,1
10124,MartijnKaijser,3
10124,Razzeee,4
10124,fetzerch,2
10124,Paxxi,1
10124,afedchin,1
10123,MartijnKaijser,2
10123,MediaBrasil,1
10123,Paxxi,2
10121,Paxxi,1
10120,FernetMenta,8
10120,popcornmix,11
10120,fritsch,1
10119,MartijnKaijser,1
10119,jjd-uk,3
10119,ksooo,1
10119,da-anda,1
10119,AchimTuran,1
10119,Tolriq,1
10119,NedScott,1
10118,tamland,2
10116,MartijnKaijser,1
10116,Paxxi,1
10115,FernetMenta,1
10115,MilhouseVH,3
10115,Rechi,2
10112,FernetMenta,1
10112,fritsch,1
10111,MrMC,1
10111,fritsch,1
10109,FernetMenta,3
10109,axbmcuser,6
10109,ronie,2
10108,FernetMenta,2
10108,gl-sergei,1
10108,fetzerch,4
10108,dokavsoft2,1
10108,Memphiz,8
10107,MilhouseVH,1
10107,Paxxi,1
10105,itachihm,3
10105,afedchin,3
10104,FernetMenta,3
10104,stefansaraev,4
10104,Paxxi,4
10104,Tolriq,7
10103,FernetMenta,2
10103,popcornmix,1
10102,shali3,1
10101,Jalle19,1
10101,ksooo,2
10100,FernetMenta,1
10100,Jalle19,3
10100,tmelin,2
10099,drieschel,2
10099,Paxxi,2
10097,FernetMenta,2
10096,MrMC,1
10096,FernetMenta,1
10096,fritsch,13
10096,koying,1
10096,mazeyx,14
10095,wsnipex,2
10095,fetzerch,4
10095,hudokkow,1
10093,FernetMenta,5
10093,tamland,5
10093,Tolriq,2
10091,Jalle19,1
10091,codesnake,1
10091,stefansaraev,3
10091,drieschel,7
10091,fritsch,6
10091,mcaptur,2
10091,Paxxi,1
10090,FernetMenta,2
10090,Paxxi,2
10088,FernetMenta,2
10088,MartijnKaijser,1
10087,Fneufneu,2
10087,fetzerch,2
10087,hudokkow,1
10086,wsnipex,1
10085,popcornmix,2
10084,FernetMenta,1
10084,popcornmix,1
10083,FernetMenta,3
10083,Jalle19,3
10083,AchimTuran,1
10083,afedchin,9
10083,Voyager1,4
10083,Sorien,1
10083,Paxxi,1
10082,FernetMenta,1
10082,afedchin,2
10081,FernetMenta,2
10081,Jalle19,3
10081,ksooo,5
10080,FernetMenta,3
10080,Tolriq,2
10079,stefansaraev,1
10079,fetzerch,1
10078,FernetMenta,1
10078,fetzerch,2
10077,FernetMenta,1
10077,doctorsin,1
10077,gade01,1
10076,FernetMenta,2
10075,FernetMenta,1
10074,ksooo,10
10074,joethefox,3
10074,Tolriq,5
10074,stevegal,1
10073,MilhouseVH,3
10073,marcelveldt,1
10073,Paxxi,4
10072,MartijnKaijser,2
10072,Montellese,1
10072,Rallymen007,1
10071,FernetMenta,3
10071,wiromare,2
10070,MrMC,1
10070,MartijnKaijser,3
10070,fritsch,1
10070,MaxKellermann,3
10070,Paxxi,2
10069,FernetMenta,11
10069,sualfred,8
10069,amet,1
10069,stefansaraev,5
10069,MartijnKaijser,1
10069,HitcherUK,2
10068,tamland,1
10067,Memphiz,1
10066,popcornmix,3
10066,vladimir-zahradnik,3
10066,opdenkamp,1
10066,stefansaraev,1
10065,FernetMenta,1
10065,stefansaraev,1
10065,Memphiz,1
10064,FernetMenta,6
10064,thardie,5
10064,akva2,1
10063,MartijnKaijser,3
10063,FernetMenta,2
10063,fritsch,3
10063,Paxxi,1
10063,neo1973,3
10062,MartijnKaijser,1
10062,tamland,1
10061,FernetMenta,1
10061,ksooo,1
10060,MartijnKaijser,7
10060,BigNoid,5
10060,HitcherUK,2
10060,gade01,2
10060,tamland,10
10060,zag2me,1
10059,MartijnKaijser,6
10059,axbmcuser,4
10059,tamland,6
10059,mikesilvo164,1
10059,gade01,1
10058,Tolriq,1
10057,Jalle19,1
10057,ksooo,8
10057,Tolriq,5
10056,MartijnKaijser,2
10056,ace20022,1
10055,stefansaraev,1
10054,FernetMenta,4
10054,stefansaraev,4
10053,popcornmix,1
10052,popcornmix,1
10051,popcornmix,1
10050,popcornmix,1
10049,MartijnKaijser,1
10049,hudokkow,1
10048,MartijnKaijser,1
10046,Jalle19,1
10046,ksooo,1
10045,Rechi,1
10045,fritsch,2
10045,hudokkow,1
10045,afedchin,3
10045,Paxxi,3
10044,FernetMenta,2
10044,fritsch,6
10044,afedchin,4
10043,jamrial,1
10043,FernetMenta,2
10043,fritsch,3
10042,Jalle19,1
10042,ksooo,2
10041,wsnipex,3
10041,Rechi,1
10039,MartijnKaijser,2
10039,FernetMenta,1
10039,fritsch,3
10039,mazeyx,1
10038,FernetMenta,2
10038,fritsch,3
10037,MartijnKaijser,1
10037,ronie,1
10032,MartijnKaijser,1
10032,Montellese,5
10032,Rechi,6
10032,Tolriq,3
10026,Montellese,1
10025,MartijnKaijser,1
10025,Rechi,2
10025,Paxxi,1
10025,Memphiz,1
10017,fetzerch,3
10017,mazeyx,2
10017,notspiff,1
10015,MartijnKaijser,2
10015,FernetMenta,1
10015,fritsch,1
10015,notspiff,5
10012,Paxxi,4
10011,FernetMenta,1
10011,MartijnKaijser,1
10011,jjd-uk,1
10007,MartijnKaijser,4
10007,Montellese,3
10007,phil65,4
10007,Tolriq,6
10000,MartijnKaijser,2
10000,phate89,13
10000,Montellese,6
10000,zag2me,1
10000,phil65,1
10000,Tolriq,7
9993,MartijnKaijser,10
9993,wrxtasy,2
9993,codesnake,5
9993,da-anda,2
9993,MrMC,1
9993,stefansaraev,3
9993,fritsch,1
9993,NedScott,3
9992,MartijnKaijser,2
9987,wsnipex,1
9987,fetzerch,1
9987,hudokkow,6
9986,Montellese,4
9986,Tolriq,4
9986,arnova,3
9984,MartijnKaijser,1
9984,jjd-uk,1
9984,notspiff,4
9984,akva2,5
9984,Montellese,1
9984,Paxxi,1
9984,garbear,1
9984,phate89,6
9984,ronie,4
9984,stefansaraev,2
9984,Razzeee,1
9984,phil65,1
9984,DaveTBlake,1
9976,FernetMenta,9
9976,ksooo,7
9976,akva2,1
9976,da-anda,2
9976,stefansaraev,7
9976,phil65,3
9976,popcornmix,1
9958,MartijnKaijser,4
9958,stefansaraev,1
9958,wsnipex,5
9958,mrdominuzq,1
9925,FernetMenta,1
9925,wsnipex,2
9925,notspiff,1
9925,Razzeee,1
9925,oskvadd,4
9925,fritsch,3
9924,stefansaraev,1
9924,wsnipex,1
9924,fetzerch,2
9924,akva2,2
9924,hudokkow,2
9921,MartijnKaijser,3
9921,hudokkow,1
9898,MartijnKaijser,1
9898,Montellese,1
9898,BigNoid,3
9898,tamland,1
9898,coolllman,1
9898,phil65,2
9891,MartijnKaijser,1
9891,FernetMenta,1
9889,Razzeee,1
9889,fritsch,2
9889,zag2me,1
9889,mkortstiege,1
9889,NedScott,1
9888,FernetMenta,5
9888,AlwinEsch,11
9888,ksooo,2
9888,Jalle19,3
9885,AlwinEsch,4
9874,FernetMenta,2
9874,AlwinEsch,2
9874,fetzerch,1
9872,FernetMenta,2
9872,Jalle19,1
9872,ksooo,2
9872,iacobazzi,4
9872,stefansaraev,1
9872,DaveTBlake,1
9860,MartijnKaijser,2
9860,tobbi,1
9853,Montellese,2
9853,stefansaraev,3
9853,chewitt,2
9840,xhaggi,1
9840,stefansaraev,4
9840,joelittlejohn,6
9840,Razzeee,1
9840,NedScott,5
9803,mk01,1
9803,Jalle19,1
9803,FernetMenta,1
9803,opdenkamp,1
9802,stefansaraev,1
9785,MartijnKaijser,1
9785,Jalle19,1
9785,koying,3
9785,deblockt,2
9781,MartijnKaijser,1
9781,Paxxi,1
9781,Memphiz,11
9781,MrMC,3
9781,DanTheMan827,8
9781,Tolriq,1
9756,ksooo,1
9749,MartijnKaijser,3
9749,Montellese,6
9749,ronie,4
9749,Tolriq,7
9749,arnova,3
9731,FernetMenta,10
9731,MartijnKaijser,3
9731,stefansaraev,1
9731,hudokkow,1
9731,Memphiz,1
9731,MilhouseVH,2
9731,fritsch,2
9731,laurimyllari,10
9703,MartijnKaijser,2
9703,stefansaraev,2
9703,fritsch,2
9703,Razzeee,1
9697,garbear,1
9697,MartijnKaijser,1
9697,stefansaraev,1
9697,AlwinEsch,2
9697,tamland,1
9697,phil65,11
9672,MartijnKaijser,1
9672,stefansaraev,1
9672,bkuhls,3
9672,Karlson2k,2
9663,garbear,8
9663,Montellese,5
9663,nille02,1
9663,Hedda,1
9663,MartijnKaijser,2
9660,FernetMenta,1
9660,phate89,1
9660,ronie,1
9660,arnova,1
9660,MartijnKaijser,4
9660,phil65,1
9660,raptorjr,3
9631,FernetMenta,12
9631,sergiomb2,12
9567,MartijnKaijser,1
9567,wsnipex,1
9567,koying,2
9567,mrdominuzq,2
9567,MrMC,2
9567,stefansaraev,1
9545,Montellese,3
9545,phil65,3
9502,MartijnKaijser,2
9502,fritsch,2
9424,FernetMenta,4
9424,stefansaraev,1
9424,wsnipex,4
9424,ksooo,1
9400,FernetMenta,1
9400,MartijnKaijser,1
9400,koying,2
9400,mazeyx,14
9400,da-anda,1
9400,Razzeee,6
9400,fritsch,4
9400,NedScott,1
9336,xhaggi,6
9336,Jalle19,1
9336,ksoo,1
9336,hudokkow,1
9336,metaron-uk,7
9253,mk01,12
9253,MartijnKaijser,2
9253,fritsch,8
9253,FernetMenta,7
9253,mhueske,1
9225,MartijnKaijser,1
9225,Montellese,3
9225,wsnipex,1
9225,popcornmix,1
9225,MilhouseVH,6
9225,ProfYaffle,1
9225,fritsch,2
9225,DaveTBlake,3
9225,Paxxi,12
9213,FernetMenta,3
9213,phate89,2
9213,afedchin,3
9174,MilhouseVH,7
9174,tamland,1
9174,Tolriq,3
9174,phate89,6
9149,MartijnKaijser,1
9149,wsnipex,10
9149,MrMC,5
9149,mrdominuzq,1
9149,Rechi,7
9149,sopparus,1
9098,MartijnKaijser,2
9098,stefansaraev,1
9098,Rechi,4
9098,wsnipex,2
9098,Memphiz,1
8989,FernetMenta,1
8989,popcornmix,1
8989,MartijnKaijser,1
8970,MartijnKaijser,1
8970,stourwalk,1
8970,un1versal,2
8970,MAFLO321,2
8968,MartijnKaijser,3
8968,wsnipex,1
8968,maartenjd,1
8966,FernetMenta,1
8966,garbear,3
8966,wsnipex,1
8966,notspiff,5
8966,akva2,3
8966,itouch5000,1
8966,Paxxi,2
8966,bam80,1
8965,MartijnKaijser,3
8965,garbear,1
8965,tamland,1
8965,akva2,1
8965,stefansaraev,1
8958,MartijnKaijser,2
8958,Razzeee,2
8958,akva2,1
8958,Hedda,1
8958,Jalle19,3
8941,AchimTuran,1
8941,fritsch,1
8941,MrMC,3
8941,AlwinEsch,10
8941,tamland,1
8941,Memphiz,1
8941,Paxxi,3
8941,FernetMenta,2
8941,Montellese,4
8941,ksooo,1
8941,jimfcarroll,1
8941,stefansaraev,1
8941,opdenkamp,1
8922,MartijnKaijser,1
8922,notspiff,1
8922,ronie,5
8922,Razzeee,1
8922,phil65,3
8922,mkortstiege,1
8922,DaveTBlake,2
8893,garbear,1
8893,FernetMenta,3
8893,MartijnKaijser,1
8893,anaconda,1
8824,MartijnKaijser,1
8824,MilhouseVH,1
8824,da-anda,1
8824,Razzeee,1
8824,Montellese,1
8645,Montellese,1
8645,phil65,1
8645,MilhouseVH,2
8645,rmrector,6
8645,Razzeee,2
8645,hudokkow,1
8629,FernetMenta,7
8629,MartijnKaijser,1
8629,fritsch,2
8629,koying,5
8574,MartijnKaijser,2
8574,Montellese,3
8574,jmarshallnz,2
8574,phate89,14
8574,Razzeee,8
8574,Tolriq,1
8549,mk01,4
8549,stefansaraev,1
8549,fritsch,4
8549,opdenkamp,2
8549,MartijnKaijser,1
8487,Montellese,1
8487,DaveTBlake,2
8487,Tolriq,1
8425,ronie,2
8425,da-anda,7
8425,Razzeee,3
8425,HitcherUK,8
8425,phil65,7
8425,DaveTBlake,2
8425,msduketown,1
8418,FernetMenta,9
8418,basrieter,5
8418,wsnipex,2
8418,fritsch,14
8409,FernetMenta,4
8409,MartijnKaijser,1
8409,wsnipex,1
8409,jonfryd,8
8409,da-anda,1
8409,MrMC,1
8409,popcornmix,5
8409,fritsch,9
8397,MartijnKaijser,2
8397,ronie,1
8397,da-anda,1
8397,Razzeee,3
8397,zag2me,2
8397,DaveTBlake,3
8397,Tolriq,2
8392,MartijnKaijser,1
8392,wsnipex,2
8392,tamland,2
8392,Cyr-ius,1
8353,HitcherUK,2
8353,ronie,2
8353,mkortstiege,1
8290,MartijnKaijser,1
8290,ksooo,1
8290,codesnake,2
8290,da-anda,4
8290,stefansaraev,2
8290,NedScott,12
8290,hudokkow,1
8290,sraue,2
8162,stefansaraev,1
8162,wsnipex,1
8162,mkortstiege,1
8162,Karlson2k,2
8118,MartijnKaijser,1
8118,ronie,1
8118,tamland,3
8118,phil65,4
8118,mkortstiege,2
8116,Jalle19,2
8116,milokmet,1
8116,opdenkamp,1
8094,Montellese,1
8094,notspiff,1
8094,Paxxi,2
8026,FernetMenta,2
8026,Montellese,1
8026,Rechi,1
8026,fritsch,2
8026,Paxxi,4
8021,FernetMenta,4
8021,MartijnKaijser,1
8021,fritsch,6
8021,wang-bin,2
8008,MartijnKaijser,2
8008,Montellese,13
8008,wsnipex,2
8008,Paxxi,2
8008,stefansaraev,1
8008,L-S-D,1
8008,MilhouseVH,5
8008,Razzeee,1
8008,Tolriq,3
8003,MartijnKaijser,2
8003,Montellese,3
8003,DaveTBlake,3
8003,evilhamster,4
7954,FernetMenta,2
7954,anssih,2
7954,fritsch,3
7954,un1versal,3
7896,wsnipex,2
7896,rbalint,1
7896,hudokkow,1
7799,MartijnKaijser,3
7799,FernetMenta,2
7799,fritsch,1
7799,tobbi,4
7716,Montellese,2
7716,hudokkow,1
7716,phil65,1
7589,MartijnKaijser,1
7589,Velek,1
7589,bmc08gt,1
7589,yuvalt,1
7461,jmarshallnz,1
7461,arnova,5
7461,rasjani,1
7461,un1versal,2
7461,mkortstiege,2
7304,MartijnKaijser,2
7304,xhaggi,3
7304,palsch,1
7304,ronie,1
7266,FernetMenta,1
7266,MartijnKaijser,1
7257,MartijnKaijser,2
7257,codesnake,1
7257,pmos69,2
7257,fritsch,2
7257,lucylang,1
7257,peak3d,2
7133,garbear,7
7133,Montellese,4
7133,fetzerch,3
7133,a1rwulf,1
7133,da-anda,1
7133,hudokkow,1
7133,Paxxi,5
7044,unknownlamer,3
7044,Montellese,1
7020,xhaggi,5
7020,Jalle19,15
7020,ksooo,3
7020,MartijnKaijser,1
7020,FernetMenta,1
7020,zag2me,1
7020,opdenkamp,4
6948,FernetMenta,1
6907,atupone,1
6907,popcornmix,1
6907,koying,1
6907,mkortstiege,1
6907,MartijnKaijser,1
6830,FernetMenta,5
6830,T-J-Teru,4
6830,ace20022,3
6830,da-anda,2
6742,MartijnKaijser,1
6742,NedScott,1
6742,mkortstiege,1
6742,anaconda,1
6742,da-anda,2
6741,MartijnKaijser,2
6741,ronie,7
6741,anaconda,4
6741,da-anda,10
6741,MilhouseVH,1
6741,mkortstiege,1
6679,MartijnKaijser,1
6679,wsnipex,1
6679,ksooo,2
6679,fosero,3
6679,stefansaraev,1
6679,mkortstiege,1
6679,Paxxi,1
6657,Jalle19,6
6657,Memphiz,1
6657,Paxxi,3
6657,Montellese,1
6618,MartijnKaijser,1
6618,Jalle19,2
6618,notspiff,1
6618,dhead666,1
6618,opdenkamp,1
6584,MartijnKaijser,2
6584,notspiff,1
6584,Karlson2k,6
6584,Memphiz,1
6584,fritsch,1
6584,topfs2,1
6441,MartijnKaijser,2
6441,arnova,1
6441,Montellese,1
6441,Razzeee,4
6441,popcornmix,2
6054,MartijnKaijser,2
6054,arnova,1
6054,fritsch,1
6054,ace20022,1
6054,Karlson2k,1
6054,kib,1
5947,FernetMenta,2
5947,arnova,2
5947,MartijnKaijser,1
5947,Razzeee,1
5947,fritsch,3
5947,Karlson2k,7
5918,MartijnKaijser,1
5918,Paxxi,1
5918,topfs2,1
5888,MartijnKaijser,1
5888,stefansaraev,1
5836,MartijnKaijser,1
5836,Razzeee,1
5836,tamland,1
5836,topfs2,1
5836,Memphiz,2
5739,MartijnKaijser,2
5739,elupus,1
5694,MartijnKaijser,1
5694,MilhouseVH,4
5694,topfs2,1
5694,Karlson2k,7
5694,stefansaraev,1
5619,popcornmix,2
5619,opdenkamp,3
5604,Montellese,3
5604,phate89,3
5598,FernetMenta,8
5598,arnova,3
5598,topfs2,1
5598,Montellese,2
5598,da-anda,1
5598,Memphiz,1
5598,Karlson2k,14
5565,MartijnKaijser,1
5565,Karlson2k,1
5543,MartijnKaijser,1
5543,Montellese,6
5543,da-anda,1
5543,hudokkow,1
5543,topfs2,9
5543,jez500,1
5535,FernetMenta,1
5535,stefansaraev,1
5535,MartijnKaijser,1
5535,Karlson2k,1
5530,MartijnKaijser,3
5530,Montellese,2
5530,tamland,1
5530,topfs2,1
5530,un1versal,1
5195,MartijnKaijser,2
5195,cg110,3
5195,Karlson2k,4
5164,xhaggi,1
5164,Montellese,7
5164,jmarshallnz,4
5164,Tolriq,1
5164,da-anda,2
5164,topfs2,2
5142,jmarshallnz,9
5142,Karlson2k,18
5142,t-nelson,3
4743,MartijnKaijser,1
4743,jmarshallnz,1
4480,wsnipex,1
4480,fritsch,1
4480,t-nelson,1
4480,topfs2,1
4272,wsnipex,1
4272,elupus,1
4272,t-nelson,1
4272,wsoltys,1
3903,Montellese,1
3903,Karlson2k,5
3903,topfs2,1
3903,Paxxi,6
2831,jenkins4xbmc,1
2831,garbear,1
2831,Fneufneu,1
2831,theuni,2
2831,jmarshallnz,2
2831,Memphiz,2
2831,MartijnKaijser,2
2831,Montellese,6
2831,ace20022,1
2831,Karlson2k,12
1734,MartijnKaijser,1
1734,arnova,1
1734,jmarshallnz,3
1734,da-anda,1
